Product ID,Type,Failure Type,Torque _Nm_,Tool wear _min_,Air temperature _K_,Process temperature _K_,Rotational speed _rpm_,risk_score,risk_classification,highest_wear_machine,avg_air_Temp,avg_process_temp,avg_rotational_speed,total_tool_wear,avg_torque,highest_failure_per_product_id,worst_machine_types
H39412,H,No Failure,48.5,25,299.0,308.7,1408,0,Low Risk,25,299.0,308.7,1408.0,25,48.5,8674,1
H39410,H,No Failure,31.8,17,298.9,308.4,1632,1,Low Risk,17,298.9,308.4,1632.0,17,31.8,8675,2
H39399,H,No Failure,35.6,202,298.7,308.5,1572,1,Low Risk,202,298.7,308.5,1572.0,202,35.6,8676,3
H39398,H,No Failure,42.8,197,298.7,308.4,1432,1,Low Risk,197,298.7,308.4,1432.0,197,42.8,8677,4
H39392,H,No Failure,52.1,181,298.6,308.3,1377,2,Medium Risk,181,298.6,308.3,1377.0,181,52.1,8678,5
H39385,H,No Failure,44.6,163,298.5,308.2,1563,1,Low Risk,163,298.5,308.2,1563.0,163,44.6,8679,6
H39384,H,No Failure,24.7,158,298.4,308.1,1891,2,Low Risk,158,298.4,308.1,1891.0,158,24.7,8680,7
H39353,H,No Failure,12.8,84,298.3,308.1,2636,1,Low Risk,84,298.3,308.1,2636.0,84,12.8,8681,8
H39350,H,No Failure,33.2,75,298.3,308.2,1534,0,Low Risk,75,298.3,308.2,1534.0,75,33.2,8682,9
H39343,H,No Failure,39.2,58,298.4,308.4,1479,0,Low Risk,58,298.4,308.4,1479.0,58,39.2,8683,10
H39336,H,No Failure,39.1,36,298.6,308.8,1566,0,Low Risk,36,298.6,308.8,1566.0,36,39.1,8684,11
H39334,H,No Failure,43.9,28,298.5,308.7,1450,0,Low Risk,28,298.5,308.7,1450.0,28,43.9,8685,12
H39316,H,No Failure,45.3,190,298.7,309.3,1402,1,Low Risk,190,298.7,309.3,1402.0,190,45.3,8686,13
H39314,H,No Failure,42.3,182,298.7,309.2,1449,1,Low Risk,182,298.7,309.2,1449.0,182,42.3,8687,14
H39306,H,No Failure,48.6,161,298.9,309.7,1407,1,Low Risk,161,298.9,309.7,1407.0,161,48.6,8688,15
H39303,H,No Failure,40.2,152,298.8,309.6,1516,1,Low Risk,152,298.8,309.6,1516.0,152,40.2,8689,16
H39297,H,No Failure,34.3,136,298.7,309.6,1654,1,Low Risk,136,298.7,309.6,1654.0,136,34.3,8690,17
H39290,H,No Failure,55.1,118,298.8,309.7,1461,1,Low Risk,118,298.8,309.7,1461.0,118,55.1,8691,18
H39284,H,No Failure,25.6,100,299.0,309.9,1884,1,Low Risk,100,299.0,309.9,1884.0,100,25.6,8692,19
H39274,H,No Failure,26.9,73,298.7,309.6,1755,1,Low Risk,73,298.7,309.6,1755.0,73,26.9,8693,20
H39268,H,No Failure,45.3,56,298.6,309.4,1362,0,Low Risk,56,298.6,309.4,1362.0,56,45.3,8694,21
H39262,H,No Failure,40.6,39,298.5,309.2,1568,0,Low Risk,39,298.5,309.2,1568.0,39,40.6,8695,22
H39258,H,No Failure,37.0,28,298.3,309.1,1484,0,Low Risk,28,298.3,309.1,1484.0,28,37.0,8696,23
H39254,H,No Failure,42.4,16,298.3,309.2,1486,0,Low Risk,16,298.3,309.2,1486.0,16,42.4,8697,24
H39228,H,No Failure,40.9,162,298.3,309.1,1430,1,Low Risk,162,298.3,309.1,1430.0,162,40.9,8698,25
H39216,H,No Failure,19.2,132,298.4,309.3,1984,1,Low Risk,132,298.4,309.3,1984.0,132,19.2,8699,26
H39214,H,No Failure,50.3,124,298.5,309.3,1421,1,Low Risk,124,298.5,309.3,1421.0,124,50.3,8700,27
H39210,H,No Failure,30.9,111,298.4,309.3,1694,1,Low Risk,111,298.4,309.3,1694.0,111,30.9,8701,28
H39207,H,No Failure,46.7,102,298.5,309.4,1414,0,Low Risk,102,298.5,309.4,1414.0,102,46.7,8702,29
H39206,H,No Failure,36.0,97,298.5,309.4,1573,0,Low Risk,97,298.5,309.4,1573.0,97,36.0,8703,30
H39201,H,No Failure,50.4,82,298.6,309.5,1420,1,Low Risk,82,298.6,309.5,1420.0,82,50.4,8704,31
H39199,H,No Failure,29.8,74,298.7,309.7,1697,1,Low Risk,74,298.7,309.7,1697.0,74,29.8,8705,32
H39197,H,No Failure,44.6,66,298.8,309.9,1466,0,Low Risk,66,298.8,309.9,1466.0,66,44.6,8706,33
H39192,H,No Failure,54.5,52,298.7,309.7,1311,1,Low Risk,52,298.7,309.7,1311.0,52,54.5,8707,34
H39188,H,No Failure,41.0,39,298.6,309.5,1375,0,Low Risk,39,298.6,309.5,1375.0,39,41.0,8708,35
H39184,H,No Failure,31.8,27,298.6,309.5,1584,0,Low Risk,27,298.6,309.5,1584.0,27,31.8,8709,36
H39180,H,No Failure,42.5,16,298.6,309.6,1449,0,Low Risk,16,298.6,309.6,1449.0,16,42.5,8710,37
H39169,H,No Failure,35.3,208,298.5,309.7,1561,1,Low Risk,208,298.5,309.7,1561.0,208,35.3,8711,38
H39163,H,No Failure,45.4,192,298.8,310.1,1483,1,Low Risk,192,298.8,310.1,1483.0,192,45.4,8712,39
H39148,H,No Failure,44.3,156,298.9,310.1,1458,1,Low Risk,156,298.9,310.1,1458.0,156,44.3,8713,40
H39136,H,No Failure,21.6,126,298.8,309.8,1911,1,Low Risk,126,298.8,309.8,1911.0,126,21.6,8714,41
H39130,H,No Failure,45.2,110,299.0,310.0,1387,0,Low Risk,110,299.0,310.0,1387.0,110,45.2,8715,42
H39125,H,No Failure,42.9,96,299.1,310.1,1429,0,Low Risk,96,299.1,310.1,1429.0,96,42.9,8716,43
H39098,H,No Failure,51.0,32,298.9,309.9,1376,1,Low Risk,32,298.9,309.9,1376.0,32,51.0,8717,44
H39086,H,No Failure,31.5,0,299.0,310.2,1744,1,Low Risk,0,299.0,310.2,1744.0,0,31.5,8718,45
H39075,H,No Failure,44.9,221,299.0,310.0,1458,1,Low Risk,221,299.0,310.0,1458.0,221,44.9,8719,46
H39069,H,No Failure,49.5,205,299.1,310.0,1431,1,Low Risk,205,299.1,310.0,1431.0,205,49.5,8720,47
H39063,H,No Failure,33.1,187,299.1,310.0,1657,2,Low Risk,187,299.1,310.0,1657.0,187,33.1,8721,48
H39052,H,No Failure,44.9,162,299.3,310.4,1393,1,Low Risk,162,299.3,310.4,1393.0,162,44.9,8722,49
H39047,H,No Failure,41.2,149,299.1,310.1,1421,0,Low Risk,149,299.1,310.1,1421.0,149,41.2,8723,50
H39043,H,No Failure,19.7,137,299.0,310.1,2053,1,Low Risk,137,299.0,310.1,2053.0,137,19.7,8724,51
H39042,H,No Failure,34.3,132,299.0,310.0,1569,0,Low Risk,132,299.0,310.0,1569.0,132,34.3,8725,52
H39038,H,No Failure,38.6,118,299.0,310.1,1555,0,Low Risk,118,299.0,310.1,1555.0,118,38.6,8726,53
H39018,H,No Failure,38.0,68,299.0,310.2,1637,1,Low Risk,68,299.0,310.2,1637.0,68,38.0,8727,54
H39009,H,No Failure,50.0,45,299.0,310.1,1432,0,Low Risk,45,299.0,310.1,1432.0,45,50.0,8728,55
H39002,H,No Failure,45.5,27,299.3,310.4,1510,0,Low Risk,27,299.3,310.4,1510.0,27,45.5,8729,56
H38988,H,No Failure,46.6,197,299.7,310.8,1418,1,Low Risk,197,299.7,310.8,1418.0,197,46.6,8730,57
H38969,H,No Failure,31.4,149,299.4,310.8,1585,0,Low Risk,149,299.4,310.8,1585.0,149,31.4,8731,58
H38944,H,No Failure,53.6,86,299.1,310.4,1405,1,Low Risk,86,299.1,310.4,1405.0,86,53.6,8732,59
H38938,H,No Failure,27.6,69,299.0,310.3,1658,1,Low Risk,69,299.0,310.3,1658.0,69,27.6,8733,60
H38920,H,No Failure,41.6,25,299.3,310.4,1548,0,Low Risk,25,299.3,310.4,1548.0,25,41.6,8734,61
H38912,H,No Failure,36.1,5,299.2,310.1,1542,0,Low Risk,5,299.2,310.1,1542.0,5,36.1,8735,62
H38911,H,No Failure,40.3,0,299.1,309.9,1443,0,Low Risk,0,299.1,309.9,1443.0,0,40.3,8736,63
H38909,H,No Failure,44.8,221,299.3,310.0,1373,1,Low Risk,221,299.3,310.0,1373.0,221,44.8,8737,64
H38897,H,No Failure,35.3,190,298.9,309.6,1546,1,Low Risk,190,298.9,309.6,1546.0,190,35.3,8738,65
H38896,H,No Failure,57.4,185,298.8,309.6,1309,2,Medium Risk,185,298.8,309.6,1309.0,185,57.4,8739,66
H38893,H,No Failure,33.5,175,298.9,309.6,1600,1,Low Risk,175,298.9,309.6,1600.0,175,33.5,8740,67
H38884,H,No Failure,47.1,149,298.6,309.4,1439,0,Low Risk,149,298.6,309.4,1439.0,149,47.1,8741,68
H38867,H,No Failure,56.8,107,298.2,309.0,1360,1,Low Risk,107,298.2,309.0,1360.0,107,56.8,8742,69
H38865,H,No Failure,39.6,99,298.0,308.7,1536,0,Low Risk,99,298.0,308.7,1536.0,99,39.6,8743,70
H38860,H,No Failure,53.5,83,298.1,308.9,1388,1,Low Risk,83,298.1,308.9,1388.0,83,53.5,8744,71
H38857,H,No Failure,53.8,73,298.0,308.8,1411,1,Low Risk,73,298.0,308.8,1411.0,73,53.8,8745,72
H38842,H,No Failure,28.4,34,298.2,308.8,1837,1,Low Risk,34,298.2,308.8,1837.0,34,28.4,8746,73
H38831,H,No Failure,43.8,6,298.1,308.4,1515,0,Low Risk,6,298.1,308.4,1515.0,6,43.8,8747,74
H38822,H,No Failure,34.5,191,297.9,308.4,1637,2,Low Risk,191,297.9,308.4,1637.0,191,34.5,8748,75
H38812,H,No Failure,40.1,165,297.7,308.2,1526,1,Low Risk,165,297.7,308.2,1526.0,165,40.1,8749,76
H38807,H,No Failure,43.0,151,297.7,308.2,1489,1,Low Risk,151,297.7,308.2,1489.0,151,43.0,8750,77
H38805,H,No Failure,18.5,144,297.6,308.2,2071,1,Low Risk,144,297.6,308.2,2071.0,144,18.5,8751,78
H38801,H,No Failure,52.0,131,297.4,307.9,1390,1,Low Risk,131,297.4,307.9,1390.0,131,52.0,8752,79
H38797,H,No Failure,38.2,117,297.5,308.1,1548,0,Low Risk,117,297.5,308.1,1548.0,117,38.2,8753,80
H38791,H,No Failure,41.0,101,297.7,308.3,1488,0,Low Risk,101,297.7,308.3,1488.0,101,41.0,8754,81
H38790,H,No Failure,27.7,96,297.7,308.4,1738,1,Low Risk,96,297.7,308.4,1738.0,96,27.7,8755,82
H38789,H,No Failure,49.5,91,297.7,308.4,1288,0,Low Risk,91,297.7,308.4,1288.0,91,49.5,8756,83
H38784,H,No Failure,51.9,77,297.7,308.4,1418,1,Low Risk,77,297.7,308.4,1418.0,77,51.9,8757,84
H38756,H,No Failure,31.8,8,298.3,308.9,1706,1,Low Risk,8,298.3,308.9,1706.0,8,31.8,8758,85
H38754,H,No Failure,37.1,0,298.4,308.9,1577,0,Low Risk,0,298.4,308.9,1577.0,0,37.1,8759,86
H38752,H,No Failure,30.8,212,298.5,309.0,1531,1,Low Risk,212,298.5,309.0,1531.0,212,30.8,8760,87
H38751,H,No Failure,40.3,207,298.5,308.9,1500,1,Low Risk,207,298.5,308.9,1500.0,207,40.3,8761,88
H38742,H,No Failure,19.0,184,298.5,309.1,2051,2,Low Risk,184,298.5,309.1,2051.0,184,19.0,8762,89
H38730,H,No Failure,41.2,155,298.5,309.4,1417,1,Low Risk,155,298.5,309.4,1417.0,155,41.2,8763,90
H38726,H,No Failure,33.6,143,298.5,309.4,1573,0,Low Risk,143,298.5,309.4,1573.0,143,33.6,8764,91
H38719,H,No Failure,30.2,125,298.3,309.1,1646,1,Low Risk,125,298.3,309.1,1646.0,125,30.2,8765,92
H38710,H,No Failure,39.1,100,298.2,309.0,1524,0,Low Risk,100,298.2,309.0,1524.0,100,39.1,8766,93
H38694,H,No Failure,43.3,61,298.2,308.8,1470,0,Low Risk,61,298.2,308.8,1470.0,61,43.3,8767,94
H38692,H,No Failure,39.9,53,298.2,308.8,1606,1,Low Risk,53,298.2,308.8,1606.0,53,39.9,8768,95
H38687,H,No Failure,35.7,40,298.2,308.7,1520,0,Low Risk,40,298.2,308.7,1520.0,40,35.7,8769,96
H38675,H,No Failure,38.4,10,298.3,309.0,1470,0,Low Risk,10,298.3,309.0,1470.0,10,38.4,8770,97
H38672,H,No Failure,43.2,0,298.3,309.0,1379,0,Low Risk,0,298.3,309.0,1379.0,0,43.2,8771,98
H38664,H,No Failure,25.9,181,298.3,309.0,1823,2,Low Risk,181,298.3,309.0,1823.0,181,25.9,8772,99
H38653,H,No Failure,51.9,153,298.2,308.8,1436,2,Medium Risk,153,298.2,308.8,1436.0,153,51.9,8773,100
H38630,H,No Failure,43.7,96,297.7,308.8,1469,0,Low Risk,96,297.7,308.8,1469.0,96,43.7,8774,101
H38593,H,No Failure,44.7,8,297.9,309.1,1435,0,Low Risk,8,297.9,309.1,1435.0,8,44.7,8775,102
H38587,H,No Failure,32.2,195,297.8,308.9,1650,2,Low Risk,195,297.8,308.9,1650.0,195,32.2,8776,103
H38582,H,No Failure,44.4,181,297.6,308.8,1385,1,Low Risk,181,297.6,308.8,1385.0,181,44.4,8777,104
H38574,H,No Failure,28.0,158,297.5,308.5,1671,2,Low Risk,158,297.5,308.5,1671.0,158,28.0,8778,105
H38572,H,No Failure,46.2,150,297.4,308.4,1487,0,Low Risk,150,297.4,308.4,1487.0,150,46.2,8779,106
H38549,H,No Failure,50.3,97,297.7,308.8,1404,1,Low Risk,97,297.7,308.8,1404.0,97,50.3,8780,107
H38545,H,No Failure,46.7,85,297.6,308.6,1463,0,Low Risk,85,297.6,308.6,1463.0,85,46.7,8781,108
H38530,H,No Failure,32.1,49,297.6,308.7,1659,1,Low Risk,49,297.6,308.7,1659.0,49,32.1,8782,109
H38515,H,No Failure,31.4,9,297.3,308.2,1653,1,Low Risk,9,297.3,308.2,1653.0,9,31.4,8783,110
H38513,H,No Failure,52.3,2,297.3,308.1,1477,1,Low Risk,2,297.3,308.1,1477.0,2,52.3,8784,111
H38499,H,No Failure,54.0,174,297.1,307.9,1365,2,Medium Risk,174,297.1,307.9,1365.0,174,54.0,8785,112
H38493,H,No Failure,42.4,158,297.3,308.1,1554,1,Low Risk,158,297.3,308.1,1554.0,158,42.4,8786,113
H38486,H,No Failure,27.2,140,297.2,308.1,1770,1,Low Risk,140,297.2,308.1,1770.0,140,27.2,8787,114
H38482,H,No Failure,30.3,128,297.1,308.2,1790,1,Low Risk,128,297.1,308.2,1790.0,128,30.3,8788,115
H38479,H,No Failure,17.3,119,297.2,308.4,2182,1,Low Risk,119,297.2,308.4,2182.0,119,17.3,8789,116
H38474,H,No Failure,45.8,105,297.2,308.3,1453,0,Low Risk,105,297.2,308.3,1453.0,105,45.8,8790,117
H38469,H,No Failure,23.1,90,297.3,308.4,1864,1,Low Risk,90,297.3,308.4,1864.0,90,23.1,8791,118
H38448,H,No Failure,46.2,37,297.4,308.2,1585,0,Low Risk,37,297.4,308.2,1585.0,37,46.2,8792,119
H38445,H,No Failure,23.9,28,297.5,308.4,1793,1,Low Risk,28,297.5,308.4,1793.0,28,23.9,8793,120
H38427,H,No Failure,43.0,202,297.2,308.0,1435,1,Low Risk,202,297.2,308.0,1435.0,202,43.0,8794,121
H38406,H,No Failure,37.2,151,297.2,307.9,1450,1,Low Risk,151,297.2,307.9,1450.0,151,37.2,8795,122
H38389,H,No Failure,34.2,109,296.7,307.4,1661,1,Low Risk,109,296.7,307.4,1661.0,109,34.2,8796,123
H38354,H,No Failure,19.3,24,297.3,308.3,1935,1,Low Risk,24,297.3,308.3,1935.0,24,19.3,8797,124
H38338,H,No Failure,42.2,199,297.1,308.2,1527,1,Low Risk,199,297.1,308.2,1527.0,199,42.2,8798,125
H38316,H,No Failure,46.3,146,297.4,308.7,1522,0,Low Risk,146,297.4,308.7,1522.0,146,46.3,8799,126
H38309,H,No Failure,40.1,126,297.4,308.6,1461,0,Low Risk,126,297.4,308.6,1461.0,126,40.1,8800,127
H38295,H,No Failure,37.9,89,298.0,309.2,1520,0,Low Risk,89,298.0,309.2,1520.0,89,37.9,8801,128
H38289,H,No Failure,51.0,72,298.1,309.3,1332,1,Low Risk,72,298.1,309.3,1332.0,72,51.0,8802,129
H38287,H,No Failure,36.4,65,298.0,309.1,1557,0,Low Risk,65,298.0,309.1,1557.0,65,36.4,8803,130
H38280,H,No Failure,39.6,45,297.9,308.9,1416,0,Low Risk,45,297.9,308.9,1416.0,45,39.6,8804,131
H38258,H,No Failure,30.8,196,297.4,308.9,1645,2,Low Risk,196,297.4,308.9,1645.0,196,30.8,8805,132
H38257,H,No Failure,38.0,191,297.3,308.8,1564,1,Low Risk,191,297.3,308.8,1564.0,191,38.0,8806,133
H38249,H,No Failure,53.5,169,297.4,308.8,1324,2,Medium Risk,169,297.4,308.8,1324.0,169,53.5,8807,134
H38245,H,No Failure,26.8,158,297.4,308.7,1726,2,Low Risk,158,297.4,308.7,1726.0,158,26.8,8808,135
H38244,H,No Failure,42.8,153,297.3,308.7,1430,1,Low Risk,153,297.3,308.7,1430.0,153,42.8,8809,136
H38235,H,No Failure,33.8,127,297.4,308.7,1623,1,Low Risk,127,297.4,308.7,1623.0,127,33.8,8810,137
H38233,H,No Failure,48.9,120,297.4,308.7,1349,0,Low Risk,120,297.4,308.7,1349.0,120,48.9,8811,138
H38231,H,No Failure,53.5,112,297.3,308.6,1376,1,Low Risk,112,297.3,308.6,1376.0,112,53.5,8812,139
H38229,H,No Failure,55.0,104,297.3,308.5,1435,1,Low Risk,104,297.3,308.5,1435.0,104,55.0,8813,140
H38191,H,No Failure,38.8,14,297.5,308.6,1481,0,Low Risk,14,297.5,308.6,1481.0,14,38.8,8814,141
H38189,H,No Failure,38.7,7,297.5,308.6,1536,0,Low Risk,7,297.5,308.6,1536.0,7,38.7,8815,142
H38176,H,No Failure,24.0,179,297.5,308.8,1824,2,Low Risk,179,297.5,308.8,1824.0,179,24.0,8816,143
H38157,H,No Failure,51.1,130,297.4,308.7,1323,1,Low Risk,130,297.4,308.7,1323.0,130,51.1,8817,144
H38153,H,No Failure,37.6,118,297.4,308.7,1429,0,Low Risk,118,297.4,308.7,1429.0,118,37.6,8818,145
H38145,H,No Failure,46.6,98,297.2,308.6,1486,0,Low Risk,98,297.2,308.6,1486.0,98,46.6,8819,146
H38144,H,No Failure,33.9,93,297.3,308.7,1569,0,Low Risk,93,297.3,308.7,1569.0,93,33.9,8820,147
H38112,H,No Failure,46.2,16,297.3,308.7,1438,0,Low Risk,16,297.3,308.7,1438.0,16,46.2,8821,148
H38099,H,No Failure,41.4,192,297.2,308.5,1524,1,Low Risk,192,297.2,308.5,1524.0,192,41.4,8822,149
H38089,H,No Failure,29.4,166,297.3,308.6,1688,2,Low Risk,166,297.3,308.6,1688.0,166,29.4,8823,150
H38078,H,No Failure,58.9,138,297.5,308.6,1355,1,Low Risk,138,297.5,308.6,1355.0,138,58.9,8824,151
H38066,H,No Failure,41.5,108,297.3,308.3,1461,0,Low Risk,108,297.3,308.3,1461.0,108,41.5,8825,152
H38064,H,No Failure,27.4,100,297.4,308.3,1771,1,Low Risk,100,297.4,308.3,1771.0,100,27.4,8826,153
H38045,H,No Failure,37.0,54,297.3,308.3,1506,0,Low Risk,54,297.3,308.3,1506.0,54,37.0,8827,154
H38043,H,No Failure,39.1,47,297.5,308.5,1557,0,Low Risk,47,297.5,308.5,1557.0,47,39.1,8828,155
H38038,H,No Failure,39.7,34,297.5,308.4,1490,0,Low Risk,34,297.5,308.4,1490.0,34,39.7,8829,156
H38033,H,No Failure,39.8,19,297.6,308.6,1480,0,Low Risk,19,297.6,308.6,1480.0,19,39.8,8830,157
H38017,H,No Failure,49.1,206,297.3,308.0,1384,1,Low Risk,206,297.3,308.0,1384.0,206,49.1,8831,158
H38015,H,No Failure,46.9,199,297.4,308.2,1359,1,Low Risk,199,297.4,308.2,1359.0,199,46.9,8832,159
H38000,H,No Failure,37.5,161,297.3,307.9,1461,1,Low Risk,161,297.3,307.9,1461.0,161,37.5,8833,160
H37984,H,No Failure,35.9,120,297.9,308.7,1545,0,Low Risk,120,297.9,308.7,1545.0,120,35.9,8834,161
H37958,H,No Failure,21.0,59,298.5,309.4,2011,1,Low Risk,59,298.5,309.4,2011.0,59,21.0,8835,162
H37956,H,No Failure,35.3,51,298.4,309.4,1512,0,Low Risk,51,298.4,309.4,1512.0,51,35.3,8836,163
H37937,H,No Failure,41.7,5,298.3,309.3,1529,0,Low Risk,5,298.3,309.3,1529.0,5,41.7,8837,164
H37936,H,No Failure,29.8,0,298.3,309.4,1631,1,Low Risk,0,298.3,309.4,1631.0,0,29.8,8838,165
H37926,H,No Failure,36.2,177,298.3,309.6,1546,1,Low Risk,177,298.3,309.6,1546.0,177,36.2,8839,166
H37916,H,No Failure,55.9,152,298.6,309.8,1279,2,Medium Risk,152,298.6,309.8,1279.0,152,55.9,8840,167
H37891,H,No Failure,33.5,91,298.5,309.6,1579,0,Low Risk,91,298.5,309.6,1579.0,91,33.5,8841,168
H37882,H,No Failure,39.1,66,298.6,309.7,1463,0,Low Risk,66,298.6,309.7,1463.0,66,39.1,8842,169
H37878,H,No Failure,27.5,54,298.6,309.7,1672,1,Low Risk,54,298.6,309.7,1672.0,54,27.5,8843,170
H37845,H,No Failure,54.6,185,298.9,310.1,1324,2,Medium Risk,185,298.9,310.1,1324.0,185,54.6,8844,171
H37836,H,No Failure,63.0,163,298.9,310.3,1243,2,Medium Risk,163,298.9,310.3,1243.0,163,63.0,8845,172
H37831,H,No Failure,30.7,150,298.8,310.1,1704,1,Low Risk,150,298.8,310.1,1704.0,150,30.7,8846,173
H37815,H,No Failure,31.8,108,298.5,309.4,1671,1,Low Risk,108,298.5,309.4,1671.0,108,31.8,8847,174
H37810,H,No Failure,33.3,95,298.6,309.6,1593,0,Low Risk,95,298.6,309.6,1593.0,95,33.3,8848,175
H37799,H,No Failure,38.8,65,298.8,309.8,1563,0,Low Risk,65,298.8,309.8,1563.0,65,38.8,8849,176
H37795,H,No Failure,38.3,53,298.8,310.0,1530,0,Low Risk,53,298.8,310.0,1530.0,53,38.3,8850,177
H37759,H,No Failure,35.9,171,298.8,309.8,1490,1,Low Risk,171,298.8,309.8,1490.0,171,35.9,8851,178
H37757,H,No Failure,48.2,164,298.8,309.8,1437,1,Low Risk,164,298.8,309.8,1437.0,164,48.2,8852,179
H37740,H,No Failure,34.2,119,298.6,309.5,1523,0,Low Risk,119,298.6,309.5,1523.0,119,34.2,8853,180
H37737,H,No Failure,40.4,108,298.7,309.5,1453,0,Low Risk,108,298.7,309.5,1453.0,108,40.4,8854,181
H37732,H,No Failure,39.3,94,298.7,309.7,1565,0,Low Risk,94,298.7,309.7,1565.0,94,39.3,8855,182
H37729,H,No Failure,40.7,85,298.7,309.8,1422,0,Low Risk,85,298.7,309.8,1422.0,85,40.7,8856,183
H37719,H,No Failure,44.0,56,298.8,310.1,1380,0,Low Risk,56,298.8,310.1,1380.0,56,44.0,8857,184
H37712,H,No Failure,45.6,37,298.7,310.1,1435,0,Low Risk,37,298.7,310.1,1435.0,37,45.6,8858,185
H37706,H,No Failure,39.9,19,298.9,310.5,1429,0,Low Risk,19,298.9,310.5,1429.0,19,39.9,8859,186
H37697,H,No Failure,33.0,221,298.9,310.6,1615,2,Low Risk,221,298.9,310.6,1615.0,221,33.0,8860,187
H37695,H,No Failure,38.8,213,298.9,310.6,1519,1,Low Risk,213,298.9,310.6,1519.0,213,38.8,8861,188
H37691,H,No Failure,55.8,202,298.8,310.5,1294,2,Medium Risk,202,298.8,310.5,1294.0,202,55.8,8862,189
H37683,H,No Failure,30.4,180,299.2,310.8,1761,2,Low Risk,180,299.2,310.8,1761.0,180,30.4,8863,190
H37679,H,No Failure,28.0,168,299.1,310.6,1791,2,Low Risk,168,299.1,310.6,1791.0,168,28.0,8864,191
H37677,H,No Failure,30.6,160,299.2,310.6,1704,2,Low Risk,160,299.2,310.6,1704.0,160,30.6,8865,192
H37675,H,No Failure,48.4,153,299.2,310.6,1434,1,Low Risk,153,299.2,310.6,1434.0,153,48.4,8866,193
H37674,H,No Failure,48.0,148,299.1,310.6,1332,0,Low Risk,148,299.1,310.6,1332.0,148,48.0,8867,194
H37670,H,No Failure,56.8,136,299.0,310.5,1336,1,Low Risk,136,299.0,310.5,1336.0,136,56.8,8868,195
H37657,H,No Failure,54.5,104,299.1,310.4,1369,1,Low Risk,104,299.1,310.4,1369.0,104,54.5,8869,196
H37626,H,No Failure,48.9,30,299.2,310.5,1329,0,Low Risk,30,299.2,310.5,1329.0,30,48.9,8870,197
H37624,H,No Failure,29.4,23,299.2,310.7,1636,1,Low Risk,23,299.2,310.7,1636.0,23,29.4,8871,198
H37587,H,No Failure,37.0,162,299.9,311.4,1497,1,Low Risk,162,299.9,311.4,1497.0,162,37.0,8872,199
H37585,H,No Failure,34.5,155,300.0,311.4,1641,2,Low Risk,155,300.0,311.4,1641.0,155,34.5,8873,200
H37581,H,No Failure,47.1,143,299.7,311.1,1353,0,Low Risk,143,299.7,311.1,1353.0,143,47.1,8874,201
H37575,H,No Failure,30.2,128,299.6,311.0,1714,1,Low Risk,128,299.6,311.0,1714.0,128,30.2,8875,202
H37573,H,No Failure,31.2,120,299.6,310.9,1679,1,Low Risk,120,299.6,310.9,1679.0,120,31.2,8876,203
H37551,H,No Failure,32.4,67,299.5,310.8,1600,0,Low Risk,67,299.5,310.8,1600.0,67,32.4,8877,204
H37545,H,No Failure,49.6,50,299.9,311.2,1364,0,Low Risk,50,299.9,311.2,1364.0,50,49.6,8878,205
H37544,H,No Failure,43.1,45,300.0,311.2,1393,0,Low Risk,45,300.0,311.2,1393.0,45,43.1,8879,206
H37537,H,No Failure,36.8,27,300.2,311.5,1515,0,Low Risk,27,300.2,311.5,1515.0,27,36.8,8880,207
H37528,H,No Failure,13.5,5,300.4,311.8,2496,1,Low Risk,5,300.4,311.8,2496.0,5,13.5,8881,208
H37524,H,No Failure,18.5,204,300.3,311.8,2141,2,Low Risk,204,300.3,311.8,2141.0,204,18.5,8882,209
H37521,H,No Failure,49.0,194,300.3,311.9,1390,1,Low Risk,194,300.3,311.9,1390.0,194,49.0,8883,210
H37508,H,No Failure,28.8,162,300.2,311.6,1662,2,Low Risk,162,300.2,311.6,1662.0,162,28.8,8884,211
H37496,H,No Failure,46.2,134,300.1,311.5,1422,0,Low Risk,134,300.1,311.5,1422.0,134,46.2,8885,212
H37494,H,No Failure,43.6,127,300.2,311.5,1432,0,Low Risk,127,300.2,311.5,1432.0,127,43.6,8886,213
H37486,H,No Failure,43.2,108,300.5,312.0,1375,0,Low Risk,108,300.5,312.0,1375.0,108,43.2,8887,214
H37474,H,No Failure,44.3,73,300.2,311.5,1426,0,Low Risk,73,300.2,311.5,1426.0,73,44.3,8888,215
H37469,H,No Failure,41.1,60,300.2,311.6,1496,0,Low Risk,60,300.2,311.6,1496.0,60,41.1,8889,216
H37463,H,No Failure,30.5,45,300.6,311.9,1604,1,Low Risk,45,300.6,311.9,1604.0,45,30.5,8890,217
H37455,H,No Failure,48.5,25,300.8,311.9,1431,0,Low Risk,25,300.8,311.9,1431.0,25,48.5,8891,218
H37437,H,No Failure,42.7,212,300.9,312.0,1397,1,Low Risk,212,300.9,312.0,1397.0,212,42.7,8892,219
H37434,H,No Failure,27.9,202,300.9,312.0,1720,2,Low Risk,202,300.9,312.0,1720.0,202,27.9,8893,220
H37423,H,No Failure,17.8,173,300.9,312.0,2129,2,Low Risk,173,300.9,312.0,2129.0,173,17.8,8894,221
H37401,H,No Failure,40.3,117,301.0,312.2,1489,0,Low Risk,117,301.0,312.2,1489.0,117,40.3,8895,222
H37390,H,No Failure,47.8,90,301.2,312.4,1395,0,Low Risk,90,301.2,312.4,1395.0,90,47.8,8896,223
H37374,H,No Failure,42.6,52,301.1,312.2,1491,0,Low Risk,52,301.1,312.2,1491.0,52,42.6,8897,224
H37371,H,No Failure,16.5,43,300.9,311.9,2140,1,Low Risk,43,300.9,311.9,2140.0,43,16.5,8898,225
H37370,H,No Failure,38.0,38,300.9,311.9,1513,0,Low Risk,38,300.9,311.9,1513.0,38,38.0,8899,226
H37338,H,No Failure,46.5,186,300.7,311.9,1389,1,Low Risk,186,300.7,311.9,1389.0,186,46.5,8900,227
H37329,H,No Failure,35.1,164,300.8,312.1,1527,1,Low Risk,164,300.8,312.1,1527.0,164,35.1,8901,228
H37328,H,No Failure,43.1,159,300.7,312.1,1490,1,Low Risk,159,300.7,312.1,1490.0,159,43.1,8902,229
H37297,H,No Failure,45.4,86,300.7,312.3,1446,0,Low Risk,86,300.7,312.3,1446.0,86,45.4,8903,230
H37296,H,No Failure,27.3,81,300.7,312.3,1670,1,Low Risk,81,300.7,312.3,1670.0,81,27.3,8904,231
H37294,H,No Failure,47.2,74,300.7,312.4,1457,0,Low Risk,74,300.7,312.4,1457.0,74,47.2,8905,232
H37290,H,No Failure,49.0,62,300.7,312.2,1335,0,Low Risk,62,300.7,312.2,1335.0,62,49.0,8906,233
H37282,H,Random Failures,46.7,41,300.4,311.9,1438,0,Low Risk,41,300.4,311.9,1438.0,41,46.7,15,234
H37262,H,No Failure,37.7,217,300.2,311.6,1547,1,Low Risk,217,300.2,311.6,1547.0,217,37.7,8907,235
H37244,H,No Failure,35.8,175,299.9,311.2,1495,1,Low Risk,175,299.9,311.2,1495.0,175,35.8,8908,236
H37236,H,No Failure,41.8,153,299.9,311.3,1413,1,Low Risk,153,299.9,311.3,1413.0,153,41.8,8909,237
H37231,H,No Failure,25.4,139,299.8,311.3,1785,1,Low Risk,139,299.8,311.3,1785.0,139,25.4,8910,238
H37209,H,No Failure,29.6,85,300.1,311.6,1674,1,Low Risk,85,300.1,311.6,1674.0,85,29.6,8911,239
H37206,H,No Failure,40.4,75,300.1,311.4,1485,0,Low Risk,75,300.1,311.4,1485.0,75,40.4,8912,240
H37186,H,No Failure,41.0,29,300.3,311.5,1464,0,Low Risk,29,300.3,311.5,1464.0,29,41.0,8913,241
H37181,H,No Failure,54.6,15,300.2,311.4,1319,1,Low Risk,15,300.2,311.4,1319.0,15,54.6,8914,242
H37179,H,No Failure,56.2,8,300.3,311.6,1427,1,Low Risk,8,300.3,311.6,1427.0,8,56.2,8915,243
H37175,H,No Failure,30.8,203,300.4,311.6,1715,2,Low Risk,203,300.4,311.6,1715.0,203,30.8,8916,244
H37150,H,No Failure,46.9,138,300.6,312.1,1354,0,Low Risk,138,300.6,312.1,1354.0,138,46.9,8917,245
H37143,H,No Failure,59.2,121,300.7,311.9,1329,1,Low Risk,121,300.7,311.9,1329.0,121,59.2,8918,246
H37134,H,No Failure,41.7,97,300.5,311.6,1476,0,Low Risk,97,300.5,311.6,1476.0,97,41.7,8919,247
H37133,H,No Failure,33.3,92,300.6,311.7,1535,0,Low Risk,92,300.6,311.7,1535.0,92,33.3,8920,248
H37132,H,No Failure,44.6,87,300.6,311.7,1427,0,Low Risk,87,300.6,311.7,1427.0,87,44.6,8921,249
H37121,H,No Failure,27.5,59,300.5,311.4,1679,1,Low Risk,59,300.5,311.4,1679.0,59,27.5,8922,250
H37117,H,No Failure,23.6,47,300.7,311.7,1864,1,Low Risk,47,300.7,311.7,1864.0,47,23.6,8923,251
H37115,H,No Failure,38.7,39,300.8,311.7,1468,0,Low Risk,39,300.8,311.7,1468.0,39,38.7,8924,252
H37110,H,No Failure,60.2,24,300.6,311.5,1282,1,Low Risk,24,300.6,311.5,1282.0,24,60.2,8925,253
H37108,H,No Failure,36.7,17,300.6,311.7,1500,0,Low Risk,17,300.6,311.7,1500.0,17,36.7,8926,254
H37106,H,No Failure,36.2,10,300.5,311.6,1506,0,Low Risk,10,300.5,311.6,1506.0,10,36.2,8927,255
H37078,H,No Failure,50.3,175,300.5,311.7,1454,2,Medium Risk,175,300.5,311.7,1454.0,175,50.3,8928,256
H37063,H,No Failure,29.0,137,300.4,311.5,1662,1,Low Risk,137,300.4,311.5,1662.0,137,29.0,8929,257
H37057,H,No Failure,50.7,122,300.4,311.4,1427,1,Low Risk,122,300.4,311.4,1427.0,122,50.7,8930,258
H37051,H,No Failure,52.4,105,300.4,311.4,1445,1,Low Risk,105,300.4,311.4,1445.0,105,52.4,8931,259
H37040,H,No Failure,53.5,78,300.5,311.6,1351,1,Low Risk,78,300.5,311.6,1351.0,78,53.5,8932,260
H37019,H,No Failure,20.3,26,300.4,311.3,2026,1,Low Risk,26,300.4,311.3,2026.0,26,20.3,8933,261
H37009,H,No Failure,45.2,2,300.5,311.2,1397,0,Low Risk,2,300.5,311.2,1397.0,2,45.2,8934,262
H36996,H,No Failure,45.3,180,300.4,311.2,1489,1,Low Risk,180,300.4,311.2,1489.0,180,45.3,8935,263
H36984,H,No Failure,27.5,151,300.2,311.0,1777,2,Low Risk,151,300.2,311.0,1777.0,151,27.5,8936,264
H36960,H,No Failure,42.8,88,300.2,311.5,1454,0,Low Risk,88,300.2,311.5,1454.0,88,42.8,8937,265
H36945,H,No Failure,56.7,50,300.1,311.4,1377,1,Low Risk,50,300.1,311.4,1377.0,50,56.7,8938,266
H36939,H,No Failure,49.1,33,300.1,311.5,1383,0,Low Risk,33,300.1,311.5,1383.0,33,49.1,8939,267
H36916,H,No Failure,29.9,193,300.3,311.7,1655,2,Low Risk,193,300.3,311.7,1655.0,193,29.9,8940,268
H36895,H,No Failure,36.1,141,300.2,311.4,1506,0,Low Risk,141,300.2,311.4,1506.0,141,36.1,8941,269
H36889,H,No Failure,53.4,123,300.3,311.6,1339,1,Low Risk,123,300.3,311.6,1339.0,123,53.4,8942,270
H36881,H,No Failure,41.6,102,300.3,311.6,1463,0,Low Risk,102,300.3,311.6,1463.0,102,41.6,8943,271
H36880,H,No Failure,23.6,97,300.3,311.6,1801,1,Low Risk,97,300.3,311.6,1801.0,97,23.6,8944,272
H36877,H,No Failure,46.9,87,300.1,311.4,1518,0,Low Risk,87,300.1,311.4,1518.0,87,46.9,8945,273
H36867,H,No Failure,47.7,61,300.3,311.7,1432,0,Low Risk,61,300.3,311.7,1432.0,61,47.7,8946,274
H36857,H,No Failure,37.9,37,300.1,311.6,1589,0,Low Risk,37,300.1,311.6,1589.0,37,37.9,8947,275
H36821,H,No Failure,47.2,168,299.8,310.9,1427,1,Low Risk,168,299.8,310.9,1427.0,168,47.2,8948,276
H36801,H,No Failure,44.6,116,299.8,310.6,1423,0,Low Risk,116,299.8,310.6,1423.0,116,44.6,8949,277
H36780,H,No Failure,36.8,62,299.6,310.1,1531,0,Low Risk,62,299.6,310.1,1531.0,62,36.8,8950,278
H36762,H,No Failure,40.4,19,299.7,310.3,1462,0,Low Risk,19,299.7,310.3,1462.0,19,40.4,8951,279
H36750,H,No Failure,42.8,208,299.9,310.5,1549,1,Low Risk,208,299.9,310.5,1549.0,208,42.8,8952,280
H36744,H,No Failure,36.6,191,299.8,310.2,1537,1,Low Risk,191,299.8,310.2,1537.0,191,36.6,8953,281
H36736,H,No Failure,33.3,168,299.8,310.2,1573,1,Low Risk,168,299.8,310.2,1573.0,168,33.3,8954,282
H36734,H,No Failure,49.7,161,299.8,310.2,1411,1,Low Risk,161,299.8,310.2,1411.0,161,49.7,8955,283
H36732,H,No Failure,43.9,154,299.9,310.3,1535,1,Low Risk,154,299.9,310.3,1535.0,154,43.9,8956,284
H36725,H,No Failure,36.7,137,300.0,310.5,1558,0,Low Risk,137,300.0,310.5,1558.0,137,36.7,8957,285
H36710,H,No Failure,21.9,102,300.0,310.4,1881,1,Low Risk,102,300.0,310.4,1881.0,102,21.9,8958,286
H36692,H,No Failure,28.7,55,300.0,310.1,1714,1,Low Risk,55,300.0,310.1,1714.0,55,28.7,8959,287
H36670,H,No Failure,42.5,0,300.2,310.3,1408,0,Low Risk,0,300.2,310.3,1408.0,0,42.5,8960,288
H36666,H,No Failure,42.9,212,300.2,310.4,1501,1,Low Risk,212,300.2,310.4,1501.0,212,42.9,8961,289
H36656,H,No Failure,51.4,185,299.9,310.1,1447,2,Medium Risk,185,299.9,310.1,1447.0,185,51.4,8962,290
H36642,H,No Failure,47.4,148,299.8,309.7,1368,0,Low Risk,148,299.8,309.7,1368.0,148,47.4,8963,291
H36635,H,No Failure,49.6,129,299.7,309.6,1433,0,Low Risk,129,299.7,309.6,1433.0,129,49.6,8964,292
H36632,H,No Failure,48.7,119,299.9,309.8,1400,0,Low Risk,119,299.9,309.8,1400.0,119,48.7,8965,293
H36610,H,No Failure,42.7,64,300.1,310.1,1426,0,Low Risk,64,300.1,310.1,1426.0,64,42.7,8966,294
H36565,H,No Failure,22.9,165,300.2,309.9,1906,2,Low Risk,165,300.2,309.9,1906.0,165,22.9,8967,295
H36557,H,No Failure,30.8,144,300.3,309.7,1582,0,Low Risk,144,300.3,309.7,1582.0,144,30.8,8968,296
H36556,H,No Failure,41.5,139,300.3,309.7,1452,0,Low Risk,139,300.3,309.7,1452.0,139,41.5,8969,297
H36528,H,No Failure,43.8,69,300.9,310.4,1457,0,Low Risk,69,300.9,310.4,1457.0,69,43.8,8970,298
H36521,H,No Failure,41.2,49,300.9,310.5,1512,0,Low Risk,49,300.9,310.5,1512.0,49,41.2,8971,299
H36517,H,No Failure,30.1,38,300.8,310.3,1777,1,Low Risk,38,300.8,310.3,1777.0,38,30.1,8972,300
H36507,H,No Failure,50.7,12,300.7,310.3,1369,1,Low Risk,12,300.7,310.3,1369.0,12,50.7,8973,301
H36485,H,No Failure,40.6,179,300.7,310.6,1505,1,Low Risk,179,300.7,310.6,1505.0,179,40.6,8974,302
H36474,H,No Failure,35.6,150,300.6,310.4,1479,0,Low Risk,150,300.6,310.4,1479.0,150,35.6,8975,303
H36468,H,No Failure,43.1,134,300.7,310.5,1476,0,Low Risk,134,300.7,310.5,1476.0,134,43.1,8976,304
H36467,H,No Failure,38.7,129,300.7,310.5,1567,0,Low Risk,129,300.7,310.5,1567.0,129,38.7,8977,305
H36466,H,No Failure,42.8,124,300.6,310.4,1510,0,Low Risk,124,300.6,310.4,1510.0,124,42.8,8978,306
H36453,H,No Failure,37.0,91,300.6,310.5,1519,0,Low Risk,91,300.6,310.5,1519.0,91,37.0,8979,307
H36448,H,No Failure,26.2,78,300.6,310.6,1830,1,Low Risk,78,300.6,310.6,1830.0,78,26.2,8980,308
H36439,H,No Failure,44.7,55,300.6,310.6,1448,0,Low Risk,55,300.6,310.6,1448.0,55,44.7,8981,309
H36435,H,No Failure,32.6,43,300.7,310.6,1631,1,Low Risk,43,300.7,310.6,1631.0,43,32.6,8982,310
H36428,H,No Failure,47.7,24,300.5,310.5,1403,0,Low Risk,24,300.5,310.5,1403.0,24,47.7,8983,311
H36420,H,No Failure,39.6,3,300.6,310.6,1419,0,Low Risk,3,300.6,310.6,1419.0,3,39.6,8984,312
H36416,H,No Failure,47.2,201,300.5,310.6,1411,1,Low Risk,201,300.5,310.6,1411.0,201,47.2,8985,313
H36399,H,No Failure,24.8,156,300.8,311.1,1698,2,Low Risk,156,300.8,311.1,1698.0,156,24.8,8986,314
H36395,H,No Failure,32.5,143,300.8,311.2,1612,1,Low Risk,143,300.8,311.2,1612.0,143,32.5,8987,315
H36377,H,No Failure,19.9,99,300.7,311.0,1981,1,Low Risk,99,300.7,311.0,1981.0,99,19.9,8988,316
H36364,H,No Failure,53.1,66,300.7,311.3,1374,1,Low Risk,66,300.7,311.3,1374.0,66,53.1,8989,317
H36354,H,No Failure,44.6,38,300.8,311.4,1453,0,Low Risk,38,300.8,311.4,1453.0,38,44.6,8990,318
H36351,H,No Failure,40.2,28,300.6,311.1,1452,0,Low Risk,28,300.6,311.1,1452.0,28,40.2,8991,319
H36340,H,No Failure,53.4,0,301.1,311.6,1417,1,Low Risk,0,301.1,311.6,1417.0,0,53.4,8992,320
H36328,H,No Failure,28.9,183,300.9,311.3,1668,2,Low Risk,183,300.9,311.3,1668.0,183,28.9,8993,321
H36303,H,No Failure,42.7,121,300.9,311.4,1387,0,Low Risk,121,300.9,311.4,1387.0,121,42.7,8994,322
H36293,H,No Failure,17.0,95,300.8,311.2,2237,1,Low Risk,95,300.8,311.2,2237.0,95,17.0,8995,323
H36292,H,No Failure,35.0,90,300.9,311.2,1518,0,Low Risk,90,300.9,311.2,1518.0,90,35.0,8996,324
H36288,H,No Failure,58.9,77,300.9,311.3,1295,1,Low Risk,77,300.9,311.3,1295.0,77,58.9,8997,325
H36284,H,No Failure,39.2,66,301.0,311.3,1597,0,Low Risk,66,301.0,311.3,1597.0,66,39.2,8998,326
H36275,H,No Failure,16.6,43,301.1,311.3,2207,1,Low Risk,43,301.1,311.3,2207.0,43,16.6,8999,327
H36266,H,No Failure,32.7,19,301.0,311.2,1602,1,Low Risk,19,301.0,311.2,1602.0,19,32.7,9000,328
H36250,H,No Failure,52.8,194,301.1,311.0,1339,2,Medium Risk,194,301.1,311.0,1339.0,194,52.8,9001,329
H36243,H,No Failure,35.7,175,300.9,310.9,1474,1,Low Risk,175,300.9,310.9,1474.0,175,35.7,9002,330
H36228,H,No Failure,44.1,136,300.8,310.6,1465,0,Low Risk,136,300.8,310.6,1465.0,136,44.1,9003,331
H36201,H,No Failure,58.5,68,301.1,310.6,1388,1,Low Risk,68,301.1,310.6,1388.0,68,58.5,9004,332
H36188,H,No Failure,27.3,35,301.2,310.7,1747,1,Low Risk,35,301.2,310.7,1747.0,35,27.3,9005,333
H36182,H,No Failure,39.5,18,301.3,310.8,1434,0,Low Risk,18,301.3,310.8,1434.0,18,39.5,9006,334
H36162,H,No Failure,19.3,180,301.7,311.0,2016,2,Low Risk,180,301.7,311.0,2016.0,180,19.3,9007,335
H36156,H,No Failure,30.0,161,301.7,311.2,1639,2,Low Risk,161,301.7,311.2,1639.0,161,30.0,9008,336
H36152,H,No Failure,50.1,149,301.8,311.1,1463,1,Low Risk,149,301.8,311.1,1463.0,149,50.1,9009,337
H36143,H,No Failure,40.4,124,301.5,310.9,1524,0,Low Risk,124,301.5,310.9,1524.0,124,40.4,9010,338
H36126,H,No Failure,36.4,83,301.4,310.7,1516,0,Low Risk,83,301.4,310.7,1516.0,83,36.4,9011,339
H36114,H,No Failure,50.2,51,301.6,310.9,1419,1,Low Risk,51,301.6,310.9,1419.0,51,50.2,9012,340
H36081,H,No Failure,39.9,201,301.4,310.5,1536,1,Low Risk,201,301.4,310.5,1536.0,201,39.9,9013,341
H36074,H,No Failure,43.8,182,301.4,310.5,1421,1,Low Risk,182,301.4,310.5,1421.0,182,43.8,9014,342
H36066,H,No Failure,35.7,161,301.5,310.4,1580,1,Low Risk,161,301.5,310.4,1580.0,161,35.7,9015,343
H36051,H,No Failure,48.0,124,301.5,310.5,1453,0,Low Risk,124,301.5,310.5,1453.0,124,48.0,9016,344
H36025,H,No Failure,33.8,57,301.5,310.5,1587,0,Low Risk,57,301.5,310.5,1587.0,57,33.8,9017,345
H36020,H,No Failure,44.3,43,301.5,310.5,1538,0,Low Risk,43,301.5,310.5,1538.0,43,44.3,9018,346
H35973,H,No Failure,39.0,143,301.5,310.6,1512,0,Low Risk,143,301.5,310.6,1512.0,143,39.0,9019,347
H35969,H,No Failure,46.7,130,301.5,310.7,1394,0,Low Risk,130,301.5,310.7,1394.0,130,46.7,9020,348
H35963,H,No Failure,44.0,114,301.3,310.6,1527,0,Low Risk,114,301.3,310.6,1527.0,114,44.0,9021,349
H35949,H,No Failure,43.6,78,301.2,310.5,1505,0,Low Risk,78,301.2,310.5,1505.0,78,43.6,9022,350
H35946,H,No Failure,52.0,69,301.2,310.6,1352,1,Low Risk,69,301.2,310.6,1352.0,69,52.0,9023,351
H35945,H,No Failure,26.2,64,301.2,310.7,1656,1,Low Risk,64,301.2,310.7,1656.0,64,26.2,9024,352
H35944,H,No Failure,32.5,59,301.3,310.6,1605,1,Low Risk,59,301.3,310.6,1605.0,59,32.5,9025,353
H35932,H,No Failure,67.9,30,301.0,310.0,1212,1,Low Risk,30,301.0,310.0,1212.0,30,67.9,9026,354
H35930,H,No Failure,40.1,23,301.1,310.0,1470,0,Low Risk,23,301.1,310.0,1470.0,23,40.1,9027,355
H35922,H,No Failure,30.7,2,301.0,310.1,1756,1,Low Risk,2,301.0,310.1,1756.0,2,30.7,9028,356
H35920,H,No Failure,44.1,217,301.0,310.1,1454,1,Low Risk,217,301.0,310.1,1454.0,217,44.1,9029,357
H35912,H,No Failure,19.2,194,300.8,309.9,2041,2,Low Risk,194,300.8,309.9,2041.0,194,19.2,9030,358
H35901,H,No Failure,36.2,166,300.6,309.8,1541,1,Low Risk,166,300.6,309.8,1541.0,166,36.2,9031,359
H35898,H,No Failure,22.5,157,300.6,309.8,1913,2,Low Risk,157,300.6,309.8,1913.0,157,22.5,9032,360
H35887,H,No Failure,50.7,131,300.4,309.5,1547,1,Low Risk,131,300.4,309.5,1547.0,131,50.7,9033,361
H35886,H,No Failure,33.6,126,300.4,309.6,1571,0,Low Risk,126,300.4,309.6,1571.0,126,33.6,9034,362
H35877,H,No Failure,60.4,102,300.5,310.0,1358,1,Low Risk,102,300.5,310.0,1358.0,102,60.4,9035,363
H35876,H,No Failure,44.0,97,300.6,310.0,1483,0,Low Risk,97,300.6,310.0,1483.0,97,44.0,9036,364
H35862,H,No Failure,24.8,64,300.7,310.2,1877,1,Low Risk,64,300.7,310.2,1877.0,64,24.8,9037,365
H35833,H,Tool Wear Failure,46.7,210,300.3,309.9,1394,1,Critical Failure,210,300.3,309.9,1394.0,210,46.7,40,366
H35832,H,No Failure,52.1,205,300.3,309.9,1405,2,Medium Risk,205,300.3,309.9,1405.0,205,52.1,9038,367
H35830,H,No Failure,38.0,198,300.4,310.1,1484,1,Low Risk,198,300.4,310.1,1484.0,198,38.0,9039,368
H35803,H,No Failure,30.1,130,300.3,309.9,1677,1,Low Risk,130,300.3,309.9,1677.0,130,30.1,9040,369
H35802,H,No Failure,46.6,125,300.3,309.9,1509,0,Low Risk,125,300.3,309.9,1509.0,125,46.6,9041,370
H35798,H,No Failure,45.1,113,300.1,309.6,1463,0,Low Risk,113,300.1,309.6,1463.0,113,45.1,9042,371
H35797,H,No Failure,43.8,108,300.2,309.7,1483,0,Low Risk,108,300.2,309.7,1483.0,108,43.8,9043,372
H35789,H,No Failure,32.3,89,300.0,309.6,1629,1,Low Risk,89,300.0,309.6,1629.0,89,32.3,9044,373
H35787,H,No Failure,28.9,82,300.0,309.5,1735,1,Low Risk,82,300.0,309.5,1735.0,82,28.9,9045,374
H35783,H,No Failure,24.9,70,300.0,309.5,1781,1,Low Risk,70,300.0,309.5,1781.0,70,24.9,9046,375
H35758,H,No Failure,47.7,8,300.2,309.8,1374,0,Low Risk,8,300.2,309.8,1374.0,8,47.7,9047,376
H35754,H,Tool Wear Failure,45.9,210,300.5,309.9,1397,1,Critical Failure,210,300.5,309.9,1397.0,210,45.9,41,377
H35745,H,No Failure,47.4,184,300.5,310.0,1495,1,Low Risk,184,300.5,310.0,1495.0,184,47.4,9048,378
H35717,H,No Failure,50.5,114,301.2,310.6,1457,1,Low Risk,114,301.2,310.6,1457.0,114,50.5,9049,379
H35709,H,No Failure,24.9,93,301.1,310.6,1782,1,Low Risk,93,301.1,310.6,1782.0,93,24.9,9050,380
H35707,H,No Failure,44.9,86,301.0,310.4,1512,0,Low Risk,86,301.0,310.4,1512.0,86,44.9,9051,381
H35660,H,No Failure,46.8,182,300.8,310.3,1457,1,Low Risk,182,300.8,310.3,1457.0,182,46.8,9052,382
H35640,H,No Failure,59.3,134,301.3,311.0,1341,1,Low Risk,134,301.3,311.0,1341.0,134,59.3,9053,383
H35636,H,No Failure,25.8,121,301.1,310.8,1792,1,Low Risk,121,301.1,310.8,1792.0,121,25.8,9054,384
H35633,H,No Failure,43.9,111,301.1,310.6,1407,0,Low Risk,111,301.1,310.6,1407.0,111,43.9,9055,385
H35632,H,No Failure,50.6,106,301.0,310.6,1366,1,Low Risk,106,301.0,310.6,1366.0,106,50.6,9056,386
H35605,H,No Failure,22.0,42,301.0,310.9,1916,1,Low Risk,42,301.0,310.9,1916.0,42,22.0,9057,387
H35597,H,No Failure,37.3,21,301.0,310.9,1495,0,Low Risk,21,301.0,310.9,1495.0,21,37.3,9058,388
H35584,H,No Failure,40.1,220,300.8,310.5,1559,1,Low Risk,220,300.8,310.5,1559.0,220,40.1,9059,389
H35580,H,No Failure,40.6,207,300.9,310.7,1403,1,Low Risk,207,300.9,310.7,1403.0,207,40.6,9060,390
H35578,H,No Failure,30.7,200,300.9,310.7,1656,2,Low Risk,200,300.9,310.7,1656.0,200,30.7,9061,391
H35550,H,No Failure,40.6,131,300.9,310.8,1390,0,Low Risk,131,300.9,310.8,1390.0,131,40.6,9062,392
H35545,H,No Failure,37.6,118,301.0,311.0,1640,1,Low Risk,118,301.0,311.0,1640.0,118,37.6,9063,393
H35513,H,No Failure,28.7,39,300.9,310.7,1609,1,Low Risk,39,300.9,310.7,1609.0,39,28.7,9064,394
H35511,H,No Failure,38.4,31,300.9,310.8,1477,0,Low Risk,31,300.9,310.8,1477.0,31,38.4,9065,395
H35475,H,No Failure,29.5,160,301.1,311.1,1618,2,Low Risk,160,301.1,311.1,1618.0,160,29.5,9066,396
H35468,H,No Failure,40.1,142,300.7,310.8,1518,0,Low Risk,142,300.7,310.8,1518.0,142,40.1,9067,397
H35461,H,No Failure,23.6,122,300.9,311.0,1853,1,Low Risk,122,300.9,311.0,1853.0,122,23.6,9068,398
H35428,H,No Failure,32.8,40,300.8,310.8,1618,1,Low Risk,40,300.8,310.8,1618.0,40,32.8,9069,399
H35426,H,No Failure,44.0,33,300.8,310.9,1425,0,Low Risk,33,300.8,310.9,1425.0,33,44.0,9070,400
H35424,H,No Failure,43.4,26,300.7,310.7,1428,0,Low Risk,26,300.7,310.7,1428.0,26,43.4,9071,401
H35414,H,No Failure,43.2,0,300.4,310.2,1431,0,Low Risk,0,300.4,310.2,1431.0,0,43.2,9072,402
H35402,H,No Failure,58.2,204,300.7,310.8,1296,2,Medium Risk,204,300.7,310.8,1296.0,204,58.2,9073,403
H35398,H,No Failure,52.0,193,300.7,310.8,1346,2,Medium Risk,193,300.7,310.8,1346.0,193,52.0,9074,404
H35397,H,No Failure,45.2,188,300.8,310.8,1466,1,Low Risk,188,300.8,310.8,1466.0,188,45.2,9075,405
H35393,H,No Failure,45.3,175,300.6,310.7,1501,1,Low Risk,175,300.6,310.7,1501.0,175,45.3,9076,406
H35390,H,No Failure,51.5,166,300.5,310.6,1378,2,Medium Risk,166,300.5,310.6,1378.0,166,51.5,9077,407
H35389,H,No Failure,28.6,161,300.5,310.7,1654,2,Low Risk,161,300.5,310.7,1654.0,161,28.6,9078,408
H35379,H,No Failure,46.5,137,300.5,310.9,1447,0,Low Risk,137,300.5,310.9,1447.0,137,46.5,9079,409
H35378,H,No Failure,30.5,132,300.5,310.8,1631,1,Low Risk,132,300.5,310.8,1631.0,132,30.5,9080,410
H35377,H,No Failure,36.3,127,300.4,310.7,1656,1,Low Risk,127,300.4,310.7,1656.0,127,36.3,9081,411
H35348,H,No Failure,51.2,58,300.6,310.5,1454,1,Low Risk,58,300.6,310.5,1454.0,58,51.2,9082,412
H35327,H,No Failure,52.3,9,300.7,310.2,1479,1,Low Risk,9,300.7,310.2,1479.0,9,52.3,9083,413
H35323,H,Power Failure,65.3,208,300.7,310.2,1364,2,Critical Failure,208,300.7,310.2,1364.0,208,65.3,91,414
H35321,H,No Failure,46.4,200,300.8,310.4,1419,1,Low Risk,200,300.8,310.4,1419.0,200,46.4,9084,415
H35319,H,No Failure,31.1,193,300.8,310.5,1582,1,Low Risk,193,300.8,310.5,1582.0,193,31.1,9085,416
H35313,H,No Failure,27.7,176,300.9,310.6,1686,2,Low Risk,176,300.9,310.6,1686.0,176,27.7,9086,417
H35301,H,No Failure,41.4,144,301.4,311.1,1445,0,Low Risk,144,301.4,311.1,1445.0,144,41.4,9087,418
H35270,H,No Failure,35.9,71,301.2,310.9,1598,0,Low Risk,71,301.2,310.9,1598.0,71,35.9,9088,419
H35266,H,No Failure,22.3,59,301.2,310.9,1798,1,Low Risk,59,301.2,310.9,1798.0,59,22.3,9089,420
H35223,H,No Failure,36.6,184,301.3,311.0,1580,1,Low Risk,184,301.3,311.0,1580.0,184,36.6,9090,421
H35197,H,No Failure,36.4,120,301.8,311.1,1543,0,Low Risk,120,301.8,311.1,1543.0,120,36.4,9091,422
H35187,H,No Failure,46.8,95,301.6,311.2,1395,0,Low Risk,95,301.6,311.2,1395.0,95,46.8,9092,423
H35177,H,No Failure,39.4,70,301.8,311.2,1451,0,Low Risk,70,301.8,311.2,1451.0,70,39.4,9093,424
H35166,H,No Failure,25.0,43,302.3,311.8,1804,1,Low Risk,43,302.3,311.8,1804.0,43,25.0,9094,425
H35165,H,No Failure,42.8,38,302.3,311.8,1475,0,Low Risk,38,302.3,311.8,1475.0,38,42.8,9095,426
H35163,H,No Failure,62.4,31,302.2,311.8,1330,1,Low Risk,31,302.2,311.8,1330.0,31,62.4,9096,427
H35158,H,No Failure,42.6,16,302.2,311.5,1482,0,Low Risk,16,302.2,311.5,1482.0,16,42.6,9097,428
H35129,H,No Failure,35.8,160,302.2,311.9,1597,1,Low Risk,160,302.2,311.9,1597.0,160,35.8,9098,429
H35124,H,No Failure,46.5,147,302.2,311.7,1413,0,Low Risk,147,302.2,311.7,1413.0,147,46.5,9099,430
H35117,H,No Failure,45.4,130,302.3,311.7,1456,0,Low Risk,130,302.3,311.7,1456.0,130,45.4,9100,431
H35110,H,No Failure,34.6,112,302.5,311.9,1595,0,Low Risk,112,302.5,311.9,1595.0,112,34.6,9101,432
H35098,H,No Failure,36.8,82,302.2,311.6,1594,0,Low Risk,82,302.2,311.6,1594.0,82,36.8,9102,433
H35096,H,No Failure,53.9,74,302.3,311.6,1441,1,Low Risk,74,302.3,311.6,1441.0,74,53.9,9103,434
H35086,H,No Failure,26.2,46,302.1,311.6,1701,1,Low Risk,46,302.1,311.6,1701.0,46,26.2,9104,435
H35085,H,No Failure,37.2,41,302.2,311.6,1534,0,Low Risk,41,302.2,311.6,1534.0,41,37.2,9105,436
H35061,H,No Failure,14.7,198,302.5,311.8,2370,2,Low Risk,198,302.5,311.8,2370.0,198,14.7,9106,437
H35040,H,No Failure,32.5,148,302.7,312.1,1603,1,Low Risk,148,302.7,312.1,1603.0,148,32.5,9107,438
H35028,H,No Failure,28.8,117,303.0,312.2,1624,1,Low Risk,117,303.0,312.2,1624.0,117,28.8,9108,439
H34990,H,No Failure,43.4,23,302.4,312.0,1457,0,Low Risk,23,302.4,312.0,1457.0,23,43.4,9109,440
H34989,H,No Failure,39.7,18,302.4,312.0,1477,0,Low Risk,18,302.4,312.0,1477.0,18,39.7,9110,441
H34970,H,No Failure,42.0,179,302.5,312.0,1357,1,Low Risk,179,302.5,312.0,1357.0,179,42.0,9111,442
H34966,H,No Failure,35.7,167,302.5,312.0,1579,1,Low Risk,167,302.5,312.0,1579.0,167,35.7,9112,443
H34965,H,No Failure,47.3,162,302.4,311.9,1366,1,Low Risk,162,302.4,311.9,1366.0,162,47.3,9113,444
H34963,H,No Failure,52.4,154,302.3,311.9,1374,2,Medium Risk,154,302.3,311.9,1374.0,154,52.4,9114,445
H34959,H,No Failure,44.2,142,302.2,311.6,1357,0,Low Risk,142,302.2,311.6,1357.0,142,44.2,9115,446
H34953,H,No Failure,39.0,127,302.3,311.7,1482,0,Low Risk,127,302.3,311.7,1482.0,127,39.0,9116,447
H34929,H,No Failure,41.5,65,302.7,312.0,1484,0,Low Risk,65,302.7,312.0,1484.0,65,41.5,9117,448
H34917,H,No Failure,29.3,37,302.6,312.0,1657,1,Low Risk,37,302.6,312.0,1657.0,37,29.3,9118,449
H34913,H,No Failure,48.7,26,302.9,312.3,1417,0,Low Risk,26,302.9,312.3,1417.0,26,48.7,9119,450
H34909,H,Random Failures,55.0,12,302.9,312.5,1357,1,Low Risk,12,302.9,312.5,1357.0,12,55.0,16,451
H34894,H,No Failure,36.0,191,302.7,312.1,1478,1,Low Risk,191,302.7,312.1,1478.0,191,36.0,9120,452
H34864,H,No Failure,41.9,115,303.1,312.8,1435,0,Low Risk,115,303.1,312.8,1435.0,115,41.9,9121,453
H34854,H,No Failure,30.0,89,303.0,312.5,1698,1,Low Risk,89,303.0,312.5,1698.0,89,30.0,9122,454
H34827,H,No Failure,36.4,26,302.7,312.5,1527,0,Low Risk,26,302.7,312.5,1527.0,26,36.4,9123,455
H34818,H,No Failure,46.1,4,302.8,312.5,1422,0,Low Risk,4,302.8,312.5,1422.0,4,46.1,9124,456
H34813,H,Overstrain Failure,53.8,246,302.8,312.4,1411,2,Critical Failure,246,302.8,312.4,1411.0,246,53.8,78,457
H34804,H,No Failure,47.2,223,302.8,312.3,1483,1,Low Risk,223,302.8,312.3,1483.0,223,47.2,9125,458
H34799,H,No Failure,26.9,209,302.9,312.3,1754,2,Low Risk,209,302.9,312.3,1754.0,209,26.9,9126,459
H34790,H,No Failure,57.5,187,302.8,312.3,1336,2,Medium Risk,187,302.8,312.3,1336.0,187,57.5,9127,460
H34786,H,No Failure,46.8,175,302.9,312.3,1509,1,Low Risk,175,302.9,312.3,1509.0,175,46.8,9128,461
H34784,H,No Failure,37.1,168,303.0,312.4,1627,2,Low Risk,168,303.0,312.4,1627.0,168,37.1,9129,462
H34783,H,No Failure,37.9,163,303.0,312.5,1507,1,Low Risk,163,303.0,312.5,1507.0,163,37.9,9130,463
H34780,H,No Failure,40.6,152,303.1,312.6,1404,1,Low Risk,152,303.1,312.6,1404.0,152,40.6,9131,464
H34772,H,No Failure,24.2,132,303.3,312.6,1827,1,Low Risk,132,303.3,312.6,1827.0,132,24.2,9132,465
H34770,H,No Failure,29.0,125,303.3,312.6,1692,1,Low Risk,125,303.3,312.6,1692.0,125,29.0,9133,466
H34769,H,No Failure,49.8,120,303.3,312.5,1328,0,Low Risk,120,303.3,312.5,1328.0,120,49.8,9134,467
H34755,H,No Failure,55.8,84,303.5,312.8,1404,1,Low Risk,84,303.5,312.8,1404.0,84,55.8,9135,468
H34746,H,No Failure,46.2,57,303.6,312.7,1403,0,Low Risk,57,303.6,312.7,1403.0,57,46.2,9136,469
H34725,H,No Failure,49.8,2,303.7,312.9,1460,0,Low Risk,2,303.7,312.9,1460.0,2,49.8,9137,470
H34720,H,No Failure,31.7,206,304.0,313.2,1612,2,Low Risk,206,304.0,313.2,1612.0,206,31.7,9138,471
H34719,H,No Failure,29.1,201,303.9,313.2,1680,2,Low Risk,201,303.9,313.2,1680.0,201,29.1,9139,472
H34710,H,No Failure,50.2,178,303.8,313.2,1379,2,Medium Risk,178,303.8,313.2,1379.0,178,50.2,9140,473
H34701,H,No Failure,46.9,154,303.8,313.2,1506,1,Low Risk,154,303.8,313.2,1506.0,154,46.9,9141,474
H34696,H,No Failure,52.4,140,303.8,313.2,1381,1,Low Risk,140,303.8,313.2,1381.0,140,52.4,9142,475
H34643,H,No Failure,26.7,17,303.9,313.1,1790,1,Low Risk,17,303.9,313.1,1790.0,17,26.7,9143,476
H34620,H,No Failure,27.6,170,303.7,312.6,1711,2,Low Risk,170,303.7,312.6,1711.0,170,27.6,9144,477
H34611,H,No Failure,35.8,147,303.8,312.9,1570,0,Low Risk,147,303.8,312.9,1570.0,147,35.8,9145,478
H34610,H,No Failure,36.0,142,303.9,313.0,1517,0,Low Risk,142,303.9,313.0,1517.0,142,36.0,9146,479
H34607,H,No Failure,39.8,132,304.0,313.1,1408,0,Low Risk,132,304.0,313.1,1408.0,132,39.8,9147,480
H34592,H,No Failure,43.1,96,304.0,313.2,1517,0,Low Risk,96,304.0,313.2,1517.0,96,43.1,9148,481
H34591,H,No Failure,53.2,91,304.0,313.1,1388,1,Low Risk,91,304.0,313.1,1388.0,91,53.2,9149,482
H34582,H,No Failure,29.6,65,304.1,313.4,1696,1,Low Risk,65,304.1,313.4,1696.0,65,29.6,9150,483
H34580,H,No Failure,41.4,58,304.2,313.5,1546,0,Low Risk,58,304.2,313.5,1546.0,58,41.4,9151,484
H34571,H,No Failure,49.6,34,304.1,313.3,1397,0,Low Risk,34,304.1,313.3,1397.0,34,49.6,9152,485
H34569,H,No Failure,37.3,27,304.2,313.3,1625,1,Low Risk,27,304.2,313.3,1625.0,27,37.3,9153,486
H34536,H,No Failure,29.8,156,304.2,313.5,1684,2,Low Risk,156,304.2,313.5,1684.0,156,29.8,9154,487
H34510,H,No Failure,32.2,91,304.2,313.5,1627,1,Low Risk,91,304.2,313.5,1627.0,91,32.2,9155,488
H34496,H,No Failure,43.4,52,304.1,313.2,1590,0,Low Risk,52,304.1,313.2,1590.0,52,43.4,9156,489
H34485,H,No Failure,40.9,23,304.2,313.0,1442,0,Low Risk,23,304.2,313.0,1442.0,23,40.9,9157,490
H34477,H,No Failure,46.6,0,304.0,312.9,1495,0,Low Risk,0,304.0,312.9,1495.0,0,46.6,9158,491
H34469,H,No Failure,45.6,184,303.8,312.9,1378,1,Low Risk,184,303.8,312.9,1378.0,184,45.6,9159,492
H34464,H,No Failure,30.4,171,304.0,313.0,1701,2,Low Risk,171,304.0,313.0,1701.0,171,30.4,9160,493
H34463,H,No Failure,45.5,166,304.0,313.1,1472,1,Low Risk,166,304.0,313.1,1472.0,166,45.5,9161,494
H34462,H,Power Failure,68.6,161,304.0,313.2,1271,2,Critical Failure,161,304.0,313.2,1271.0,161,68.6,92,495
H34454,H,No Failure,34.6,139,304.1,313.2,1586,0,Low Risk,139,304.1,313.2,1586.0,139,34.6,9162,496
H34453,H,No Failure,32.5,134,304.1,313.3,1689,1,Low Risk,134,304.1,313.3,1689.0,134,32.5,9163,497
H34422,H,No Failure,42.8,54,303.7,312.8,1488,0,Low Risk,54,303.7,312.8,1488.0,54,42.8,9164,498
H34386,H,No Failure,24.9,183,303.8,312.6,1811,2,Low Risk,183,303.8,312.6,1811.0,183,24.9,9165,499
H34357,H,No Failure,42.0,110,303.6,312.6,1436,0,Low Risk,110,303.6,312.6,1436.0,110,42.0,9166,500
H34347,H,No Failure,36.8,85,303.4,312.2,1554,0,Low Risk,85,303.4,312.2,1554.0,85,36.8,9167,501
H34338,H,No Failure,42.1,62,303.4,312.3,1522,0,Low Risk,62,303.4,312.3,1522.0,62,42.1,9168,502
H34330,H,No Failure,27.9,40,303.4,312.3,1769,1,Low Risk,40,303.4,312.3,1769.0,40,27.9,9169,503
H34329,H,No Failure,49.0,35,303.5,312.3,1386,0,Low Risk,35,303.5,312.3,1386.0,35,49.0,9170,504
H34320,H,No Failure,45.6,9,303.6,312.4,1436,0,Low Risk,9,303.6,312.4,1436.0,9,45.6,9171,505
H34318,H,No Failure,50.7,2,303.6,312.4,1480,1,Low Risk,2,303.6,312.4,1480.0,2,50.7,9172,506
H34312,H,No Failure,53.7,214,303.6,312.4,1460,2,Medium Risk,214,303.6,312.4,1460.0,214,53.7,9173,507
H34311,H,No Failure,38.0,209,303.8,312.5,1525,1,Low Risk,209,303.8,312.5,1525.0,209,38.0,9174,508
H34308,H,No Failure,46.6,198,303.8,312.5,1447,1,Low Risk,198,303.8,312.5,1447.0,198,46.6,9175,509
H34299,H,No Failure,25.1,175,303.8,312.5,1748,2,Low Risk,175,303.8,312.5,1748.0,175,25.1,9176,510
H34298,H,No Failure,28.0,170,303.8,312.5,1655,2,Low Risk,170,303.8,312.5,1655.0,170,28.0,9177,511
H34293,H,No Failure,35.6,154,303.7,312.5,1520,1,Low Risk,154,303.7,312.5,1520.0,154,35.6,9178,512
H34262,H,No Failure,52.9,80,303.5,312.0,1397,1,Low Risk,80,303.5,312.0,1397.0,80,52.9,9179,513
H34253,H,No Failure,50.0,54,303.4,311.9,1402,0,Low Risk,54,303.4,311.9,1402.0,54,50.0,9180,514
H34252,H,No Failure,29.4,49,303.3,311.8,1649,1,Low Risk,49,303.3,311.8,1649.0,49,29.4,9181,515
H34251,H,No Failure,27.7,44,303.3,311.8,1806,1,Low Risk,44,303.3,311.8,1806.0,44,27.7,9182,516
H34229,H,No Failure,33.2,210,303.4,311.9,1534,1,Low Risk,210,303.4,311.9,1534.0,210,33.2,9183,517
H34220,H,No Failure,54.0,186,303.6,312.5,1375,2,Medium Risk,186,303.6,312.5,1375.0,186,54.0,9184,518
H34207,H,No Failure,40.2,155,303.6,312.6,1498,1,Low Risk,155,303.6,312.6,1498.0,155,40.2,9185,519
H34206,H,No Failure,40.2,150,303.7,312.7,1564,0,Low Risk,150,303.7,312.7,1564.0,150,40.2,9186,520
H34202,H,No Failure,35.5,138,303.7,312.6,1514,0,Low Risk,138,303.7,312.6,1514.0,138,35.5,9187,521
H34199,H,No Failure,50.0,129,303.9,312.7,1401,0,Low Risk,129,303.9,312.7,1401.0,129,50.0,9188,522
H34192,H,Heat Dissipation Failure,54.6,112,303.6,312.2,1371,1,Critical Failure,112,303.6,312.2,1371.0,112,54.6,105,523
H34183,H,No Failure,37.1,88,303.6,311.9,1544,0,Low Risk,88,303.6,311.9,1544.0,88,37.1,9189,524
H34175,H,Heat Dissipation Failure,52.7,66,303.7,311.9,1332,1,Critical Failure,66,303.7,311.9,1332.0,66,52.7,106,525
H34170,H,No Failure,19.0,53,303.4,311.7,1991,1,Low Risk,53,303.4,311.7,1991.0,53,19.0,9190,526
H34167,H,No Failure,36.6,43,303.2,311.4,1607,1,Low Risk,43,303.2,311.4,1607.0,43,36.6,9191,527
H34166,H,No Failure,39.5,38,303.3,311.3,1502,0,Low Risk,38,303.3,311.3,1502.0,38,39.5,9192,528
H34159,H,No Failure,43.1,20,303.2,311.2,1475,0,Low Risk,20,303.2,311.2,1475.0,20,43.1,9193,529
H34128,H,No Failure,28.3,175,303.4,311.8,1693,2,Low Risk,175,303.4,311.8,1693.0,175,28.3,9194,530
H34115,H,No Failure,32.7,143,303.5,311.7,1584,0,Low Risk,143,303.5,311.7,1584.0,143,32.7,9195,531
H34092,H,No Failure,40.1,85,303.6,311.7,1476,0,Low Risk,85,303.6,311.7,1476.0,85,40.1,9196,532
H34091,H,No Failure,47.0,80,303.5,311.6,1466,0,Low Risk,80,303.5,311.6,1466.0,80,47.0,9197,533
H34089,H,No Failure,33.5,73,303.5,311.5,1629,1,Low Risk,73,303.5,311.5,1629.0,73,33.5,9198,534
H34082,H,No Failure,27.9,55,303.3,311.4,1692,1,Low Risk,55,303.3,311.4,1692.0,55,27.9,9199,535
H34081,H,No Failure,30.6,50,303.3,311.4,1651,1,Low Risk,50,303.3,311.4,1651.0,50,30.6,9200,536
H34076,H,No Failure,31.7,34,303.3,311.2,1607,1,Low Risk,34,303.3,311.2,1607.0,34,31.7,9201,537
H34055,H,No Failure,42.7,221,303.1,311.3,1494,1,Low Risk,221,303.1,311.3,1494.0,221,42.7,9202,538
H34033,H,No Failure,19.7,167,303.1,311.3,2056,2,Low Risk,167,303.1,311.3,2056.0,167,19.7,9203,539
H34028,H,No Failure,37.0,152,303.0,311.2,1503,1,Low Risk,152,303.0,311.2,1503.0,152,37.0,9204,540
H34019,H,No Failure,48.7,130,302.9,311.0,1469,0,Low Risk,130,302.9,311.0,1469.0,130,48.7,9205,541
H34017,H,No Failure,58.3,123,302.9,311.0,1452,1,Low Risk,123,302.9,311.0,1452.0,123,58.3,9206,542
H34005,H,No Failure,17.8,91,302.9,311.2,2102,1,Low Risk,91,302.9,311.2,2102.0,91,17.8,9207,543
H33987,H,No Failure,43.5,47,302.8,311.0,1436,0,Low Risk,47,302.8,311.0,1436.0,47,43.5,9208,544
H33979,H,Heat Dissipation Failure,55.0,25,302.7,310.8,1275,1,Critical Failure,25,302.7,310.8,1275.0,25,55.0,107,545
H33946,H,No Failure,41.9,156,302.5,310.4,1422,1,Low Risk,156,302.5,310.4,1422.0,156,41.9,9209,546
H33913,H,No Failure,27.4,79,302.6,310.3,1721,1,Low Risk,79,302.6,310.3,1721.0,79,27.4,9210,547
H33912,H,No Failure,36.0,74,302.6,310.4,1614,1,Low Risk,74,302.6,310.4,1614.0,74,36.0,9211,548
H33908,H,No Failure,30.1,62,302.6,310.4,1649,1,Low Risk,62,302.6,310.4,1649.0,62,30.1,9212,549
H33905,H,No Failure,53.3,52,302.6,310.4,1409,1,Low Risk,52,302.6,310.4,1409.0,52,53.3,9213,550
H33896,H,No Failure,36.9,28,302.7,310.5,1568,0,Low Risk,28,302.7,310.5,1568.0,28,36.9,9214,551
H33894,H,Heat Dissipation Failure,55.2,20,302.7,310.4,1305,1,Critical Failure,20,302.7,310.4,1305.0,20,55.2,108,552
H33869,H,No Failure,28.9,179,302.4,310.1,1597,1,Low Risk,179,302.4,310.1,1597.0,179,28.9,9215,553
H33847,H,No Failure,44.9,127,302.4,310.2,1435,0,Low Risk,127,302.4,310.2,1435.0,127,44.9,9216,554
H33845,H,No Failure,54.6,120,302.3,310.2,1443,1,Low Risk,120,302.3,310.2,1443.0,120,54.6,9217,555
H33844,H,No Failure,30.4,115,302.3,310.1,1688,1,Low Risk,115,302.3,310.1,1688.0,115,30.4,9218,556
H33834,H,No Failure,21.3,87,302.6,310.2,1873,1,Low Risk,87,302.6,310.2,1873.0,87,21.3,9219,557
H33816,H,No Failure,33.8,43,302.3,310.2,1506,0,Low Risk,43,302.3,310.2,1506.0,43,33.8,9220,558
H33815,H,No Failure,43.6,38,302.2,310.0,1468,0,Low Risk,38,302.2,310.0,1468.0,38,43.6,9221,559
H33810,H,No Failure,42.9,24,302.3,310.1,1383,0,Low Risk,24,302.3,310.1,1383.0,24,42.9,9222,560
H33783,H,No Failure,27.2,192,302.0,309.9,1735,2,Low Risk,192,302.0,309.9,1735.0,192,27.2,9223,561
H33781,H,No Failure,42.8,185,302.0,309.9,1447,1,Low Risk,185,302.0,309.9,1447.0,185,42.8,9224,562
H33778,H,No Failure,29.9,176,302.1,310.1,1615,2,Low Risk,176,302.1,310.1,1615.0,176,29.9,9225,563
H33777,H,No Failure,24.6,171,302.1,310.1,1844,2,Low Risk,171,302.1,310.1,1844.0,171,24.6,9226,564
H33772,H,No Failure,34.5,156,302.0,309.9,1606,2,Low Risk,156,302.0,309.9,1606.0,156,34.5,9227,565
H33769,H,Heat Dissipation Failure,57.3,147,302.0,309.8,1280,1,Critical Failure,147,302.0,309.8,1280.0,147,57.3,109,566
H33761,H,No Failure,27.5,126,301.9,309.8,1724,1,Low Risk,126,301.9,309.8,1724.0,126,27.5,9228,567
H33758,H,No Failure,51.3,116,301.8,309.9,1418,1,Low Risk,116,301.8,309.9,1418.0,116,51.3,9229,568
H33750,H,No Failure,53.6,95,301.6,309.9,1423,1,Low Risk,95,301.6,309.9,1423.0,95,53.6,9230,569
H33741,H,No Failure,29.3,72,301.7,310.1,1660,1,Low Risk,72,301.7,310.1,1660.0,72,29.3,9231,570
H33728,H,No Failure,32.3,39,301.4,310.1,1623,1,Low Risk,39,301.4,310.1,1623.0,39,32.3,9232,571
H33722,H,No Failure,47.2,22,301.4,309.9,1460,0,Low Risk,22,301.4,309.9,1460.0,22,47.2,9233,572
H33674,H,No Failure,43.4,130,302.7,311.1,1418,0,Low Risk,130,302.7,311.1,1418.0,130,43.4,9234,573
H33666,H,No Failure,51.0,106,302.6,311.0,1438,1,Low Risk,106,302.6,311.0,1438.0,106,51.0,9235,574
H33665,H,Heat Dissipation Failure,55.5,101,302.5,310.9,1356,1,Critical Failure,101,302.5,310.9,1356.0,101,55.5,110,575
H33648,H,No Failure,35.9,61,302.2,310.9,1522,0,Low Risk,61,302.2,310.9,1522.0,61,35.9,9236,576
H33604,H,No Failure,40.7,174,302.4,310.9,1444,1,Low Risk,174,302.4,310.9,1444.0,174,40.7,9237,577
H33580,H,No Failure,48.7,114,302.3,310.6,1525,0,Low Risk,114,302.3,310.6,1525.0,114,48.7,9238,578
H33575,H,No Failure,32.4,100,301.9,310.3,1653,1,Low Risk,100,301.9,310.3,1653.0,100,32.4,9239,579
H33555,H,No Failure,38.3,49,301.7,310.1,1462,0,Low Risk,49,301.7,310.1,1462.0,49,38.3,9240,580
H33553,H,No Failure,30.8,42,301.7,310.2,1620,1,Low Risk,42,301.7,310.2,1620.0,42,30.8,9241,581
H33541,H,No Failure,43.2,12,302.0,310.6,1438,0,Low Risk,12,302.0,310.6,1438.0,12,43.2,9242,582
H33529,H,No Failure,54.7,196,302.0,310.6,1346,2,Medium Risk,196,302.0,310.6,1346.0,196,54.7,9243,583
H33526,H,No Failure,39.7,187,301.9,310.5,1472,1,Low Risk,187,301.9,310.5,1472.0,187,39.7,9244,584
H33509,H,No Failure,43.2,148,302.0,310.5,1459,0,Low Risk,148,302.0,310.5,1459.0,148,43.2,9245,585
H33506,H,No Failure,24.4,138,302.0,310.5,1812,1,Low Risk,138,302.0,310.5,1812.0,138,24.4,9246,586
H33499,H,No Failure,23.6,119,302.0,310.5,1841,1,Low Risk,119,302.0,310.5,1841.0,119,23.6,9247,587
H33492,H,Heat Dissipation Failure,62.4,101,302.1,310.7,1294,1,Critical Failure,101,302.1,310.7,1294.0,101,62.4,111,588
H33443,H,No Failure,29.0,222,302.0,310.9,1679,2,Low Risk,222,302.0,310.9,1679.0,222,29.0,9248,589
H33439,H,No Failure,26.1,210,302.1,311.0,1729,2,Low Risk,210,302.1,311.0,1729.0,210,26.1,9249,590
H33435,H,No Failure,42.5,198,302.1,310.9,1452,1,Low Risk,198,302.1,310.9,1452.0,198,42.5,9250,591
H33415,H,No Failure,37.9,148,302.1,311.2,1598,0,Low Risk,148,302.1,311.2,1598.0,148,37.9,9251,592
H33404,H,No Failure,28.2,122,302.2,311.2,1692,1,Low Risk,122,302.2,311.2,1692.0,122,28.2,9252,593
H33390,H,No Failure,46.0,86,302.3,311.4,1372,0,Low Risk,86,302.3,311.4,1372.0,86,46.0,9253,594
H33389,H,No Failure,43.7,81,302.4,311.5,1540,0,Low Risk,81,302.4,311.5,1540.0,81,43.7,9254,595
H33385,H,No Failure,35.4,70,302.2,311.4,1625,1,Low Risk,70,302.2,311.4,1625.0,70,35.4,9255,596
H33377,H,No Failure,38.2,47,302.3,311.5,1526,0,Low Risk,47,302.3,311.5,1526.0,47,38.2,9256,597
H33361,H,No Failure,29.2,5,302.2,311.3,1749,1,Low Risk,5,302.2,311.3,1749.0,5,29.2,9257,598
H33341,H,No Failure,35.0,164,302.7,311.5,1556,1,Low Risk,164,302.7,311.5,1556.0,164,35.0,9258,599
H33333,H,No Failure,32.3,142,302.5,311.5,1655,1,Low Risk,142,302.5,311.5,1655.0,142,32.3,9259,600
H33323,H,No Failure,30.3,116,302.3,311.3,1744,1,Low Risk,116,302.3,311.3,1744.0,116,30.3,9260,601
H33318,H,No Failure,50.6,101,302.2,311.1,1426,1,Low Risk,101,302.2,311.1,1426.0,101,50.6,9261,602
H33317,H,No Failure,39.6,96,302.2,311.1,1476,0,Low Risk,96,302.2,311.1,1476.0,96,39.6,9262,603
H33315,H,No Failure,34.1,89,302.2,311.1,1553,0,Low Risk,89,302.2,311.1,1553.0,89,34.1,9263,604
H33298,H,No Failure,36.0,44,302.5,311.5,1626,1,Low Risk,44,302.5,311.5,1626.0,44,36.0,9264,605
H33291,H,No Failure,48.3,25,302.6,311.7,1471,0,Low Risk,25,302.6,311.7,1471.0,25,48.3,9265,606
H33279,H,Tool Wear Failure,34.4,228,302.6,311.5,1629,2,Critical Failure,228,302.6,311.5,1629.0,228,34.4,42,607
H33276,H,No Failure,43.8,218,302.5,311.5,1496,1,Low Risk,218,302.5,311.5,1496.0,218,43.8,9266,608
H33271,H,No Failure,40.8,204,302.4,311.2,1506,1,Low Risk,204,302.4,311.2,1506.0,204,40.8,9267,609
H33269,H,No Failure,32.3,196,302.4,311.1,1578,1,Low Risk,196,302.4,311.1,1578.0,196,32.3,9268,610
H33265,H,No Failure,48.4,185,302.2,310.9,1415,1,Low Risk,185,302.2,310.9,1415.0,185,48.4,9269,611
H33243,H,Heat Dissipation Failure,48.4,130,302.3,310.9,1366,0,Critical Failure,130,302.3,310.9,1366.0,130,48.4,112,612
H33240,H,No Failure,43.8,119,302.3,310.8,1438,0,Low Risk,119,302.3,310.8,1438.0,119,43.8,9270,613
H33239,H,No Failure,48.9,114,302.2,310.7,1413,0,Low Risk,114,302.2,310.7,1413.0,114,48.9,9271,614
H33197,H,No Failure,47.6,11,302.2,310.8,1397,0,Low Risk,11,302.2,310.8,1397.0,11,47.6,9272,615
H33189,H,No Failure,23.3,203,302.5,311.1,1850,2,Low Risk,203,302.5,311.1,1850.0,203,23.3,9273,616
H33166,H,No Failure,40.3,145,302.3,311.1,1455,0,Low Risk,145,302.3,311.1,1455.0,145,40.3,9274,617
H33160,H,No Failure,47.5,130,302.5,311.3,1393,0,Low Risk,130,302.5,311.3,1393.0,130,47.5,9275,618
H33150,H,No Failure,30.6,105,302.2,311.1,1628,1,Low Risk,105,302.2,311.1,1628.0,105,30.6,9276,619
H33139,H,No Failure,37.5,73,302.3,311.1,1543,0,Low Risk,73,302.3,311.1,1543.0,73,37.5,9277,620
H33131,H,No Failure,44.1,51,302.3,311.4,1443,0,Low Risk,51,302.3,311.4,1443.0,51,44.1,9278,621
H33112,H,No Failure,26.4,4,302.2,311.3,1758,1,Low Risk,4,302.2,311.3,1758.0,4,26.4,9279,622
H33087,H,No Failure,44.5,152,302.3,311.7,1449,1,Low Risk,152,302.3,311.7,1449.0,152,44.5,9280,623
H33054,H,No Failure,39.1,70,302.4,311.6,1544,0,Low Risk,70,302.4,311.6,1544.0,70,39.1,9281,624
H33034,H,No Failure,41.8,18,301.9,311.2,1474,0,Low Risk,18,301.9,311.2,1474.0,18,41.8,9282,625
H33013,H,No Failure,50.5,176,301.7,310.5,1388,2,Medium Risk,176,301.7,310.5,1388.0,176,50.5,9283,626
H33006,H,No Failure,45.4,156,301.6,310.4,1369,1,Low Risk,156,301.6,310.4,1369.0,156,45.4,9284,627
H33001,H,No Failure,38.6,141,301.8,310.5,1478,0,Low Risk,141,301.8,310.5,1478.0,141,38.6,9285,628
H32984,H,No Failure,46.3,100,301.8,310.6,1441,0,Low Risk,100,301.8,310.6,1441.0,100,46.3,9286,629
H32949,H,No Failure,29.9,13,301.9,311.0,1672,1,Low Risk,13,301.9,311.0,1672.0,13,29.9,9287,630
H32940,H,No Failure,37.6,204,301.8,310.8,1470,1,Low Risk,204,301.8,310.8,1470.0,204,37.6,9288,631
H32928,H,No Failure,49.8,174,301.9,311.0,1430,1,Low Risk,174,301.9,311.0,1430.0,174,49.8,9289,632
H32920,H,No Failure,47.2,152,301.6,310.8,1435,1,Low Risk,152,301.6,310.8,1435.0,152,47.2,9290,633
H32915,H,No Failure,63.6,137,301.9,311.0,1291,1,Low Risk,137,301.9,311.0,1291.0,137,63.6,9291,634
H32914,H,No Failure,26.0,132,301.9,311.0,1871,1,Low Risk,132,301.9,311.0,1871.0,132,26.0,9292,635
H32906,H,No Failure,63.6,111,301.9,311.0,1336,1,Low Risk,111,301.9,311.0,1336.0,111,63.6,9293,636
H32905,H,No Failure,34.3,106,301.9,310.9,1590,0,Low Risk,106,301.9,310.9,1590.0,106,34.3,9294,637
H32897,H,No Failure,42.7,85,301.9,310.8,1455,0,Low Risk,85,301.9,310.8,1455.0,85,42.7,9295,638
H32876,H,No Failure,27.1,35,301.6,310.5,1786,1,Low Risk,35,301.6,310.5,1786.0,35,27.1,9296,639
H32875,H,No Failure,49.5,30,301.6,310.4,1330,0,Low Risk,30,301.6,310.4,1330.0,30,49.5,9297,640
H32870,H,No Failure,38.6,16,301.4,310.4,1610,1,Low Risk,16,301.4,310.4,1610.0,16,38.6,9298,641
H32869,H,No Failure,41.5,11,301.4,310.3,1611,1,Low Risk,11,301.4,310.3,1611.0,11,41.5,9299,642
H32866,H,Random Failures,32.3,2,301.6,310.5,1602,1,Low Risk,2,301.6,310.5,1602.0,2,32.3,17,643
H32860,H,No Failure,49.5,211,301.6,310.6,1400,1,Low Risk,211,301.6,310.6,1400.0,211,49.5,9300,644
H32844,H,No Failure,26.2,171,301.6,310.6,1821,2,Low Risk,171,301.6,310.6,1821.0,171,26.2,9301,645
H32843,H,No Failure,34.3,166,301.5,310.5,1551,1,Low Risk,166,301.5,310.5,1551.0,166,34.3,9302,646
H32832,H,No Failure,40.4,139,301.6,310.6,1555,0,Low Risk,139,301.6,310.6,1555.0,139,40.4,9303,647
H32814,H,No Failure,44.4,96,301.4,310.7,1536,0,Low Risk,96,301.4,310.7,1536.0,96,44.4,9304,648
H32804,H,No Failure,40.4,72,301.5,310.7,1599,0,Low Risk,72,301.5,310.7,1599.0,72,40.4,9305,649
H32800,H,No Failure,38.7,58,301.5,310.8,1474,0,Low Risk,58,301.5,310.8,1474.0,58,38.7,9306,650
H32797,H,No Failure,33.6,49,301.4,310.6,1674,1,Low Risk,49,301.4,310.6,1674.0,49,33.6,9307,651
H32791,H,No Failure,29.6,33,301.5,310.8,1591,0,Low Risk,33,301.5,310.8,1591.0,33,29.6,9308,652
H32781,H,No Failure,26.2,8,301.5,310.7,1790,1,Low Risk,8,301.5,310.7,1790.0,8,26.2,9309,653
H32771,H,No Failure,51.7,197,301.6,310.7,1414,2,Medium Risk,197,301.6,310.7,1414.0,197,51.7,9310,654
H32755,H,No Failure,52.0,160,301.4,310.7,1329,2,Medium Risk,160,301.4,310.7,1329.0,160,52.0,9311,655
H32714,H,No Failure,38.4,65,301.3,310.4,1538,0,Low Risk,65,301.3,310.4,1538.0,65,38.4,9312,656
H32698,H,No Failure,50.7,25,301.2,309.9,1362,1,Low Risk,25,301.2,309.9,1362.0,25,50.7,9313,657
H32689,H,No Failure,36.3,2,301.3,310.0,1532,0,Low Risk,2,301.3,310.0,1532.0,2,36.3,9314,658
H32678,H,No Failure,44.1,188,301.3,310.1,1455,1,Low Risk,188,301.3,310.1,1455.0,188,44.1,9315,659
H32675,H,No Failure,39.7,179,301.3,310.1,1469,1,Low Risk,179,301.3,310.1,1469.0,179,39.7,9316,660
H32664,H,No Failure,27.0,151,301.2,309.8,1709,2,Low Risk,151,301.2,309.8,1709.0,151,27.0,9317,661
H32655,H,No Failure,43.4,126,300.9,309.5,1469,0,Low Risk,126,300.9,309.5,1469.0,126,43.4,9318,662
H32647,H,No Failure,40.7,104,300.8,309.4,1474,0,Low Risk,104,300.8,309.4,1474.0,104,40.7,9319,663
H32637,H,No Failure,36.5,79,300.6,309.5,1495,0,Low Risk,79,300.6,309.5,1495.0,79,36.5,9320,664
H32628,H,No Failure,51.2,54,300.4,309.3,1396,1,Low Risk,54,300.4,309.3,1396.0,54,51.2,9321,665
H32613,H,No Failure,35.4,14,300.1,309.1,1560,0,Low Risk,14,300.1,309.1,1560.0,14,35.4,9322,666
H32573,H,No Failure,47.5,138,300.4,309.8,1409,0,Low Risk,138,300.4,309.8,1409.0,138,47.5,9323,667
H32563,H,No Failure,35.2,112,300.4,309.7,1500,0,Low Risk,112,300.4,309.7,1500.0,112,35.2,9324,668
H32562,H,No Failure,39.7,107,300.4,309.8,1448,0,Low Risk,107,300.4,309.8,1448.0,107,39.7,9325,669
H32557,H,No Failure,42.4,90,300.6,310.0,1419,0,Low Risk,90,300.6,310.0,1419.0,90,42.4,9326,670
H32554,H,Power Failure,12.8,81,300.4,309.9,2563,1,Critical Failure,81,300.4,309.9,2563.0,81,12.8,93,671
H32553,H,No Failure,38.7,76,300.4,309.9,1513,0,Low Risk,76,300.4,309.9,1513.0,76,38.7,9327,672
H32547,H,No Failure,49.2,61,300.2,309.6,1442,0,Low Risk,61,300.2,309.6,1442.0,61,49.2,9328,673
H32537,H,No Failure,38.5,37,300.0,309.4,1498,0,Low Risk,37,300.0,309.4,1498.0,37,38.5,9329,674
H32534,H,No Failure,40.8,28,300.1,309.4,1563,0,Low Risk,28,300.1,309.4,1563.0,28,40.8,9330,675
H32524,H,No Failure,33.2,0,299.9,309.2,1525,0,Low Risk,0,299.9,309.2,1525.0,0,33.2,9331,676
H32515,H,No Failure,37.3,193,299.8,309.0,1467,1,Low Risk,193,299.8,309.0,1467.0,193,37.3,9332,677
H32504,H,No Failure,45.8,163,300.1,309.3,1448,1,Low Risk,163,300.1,309.3,1448.0,163,45.8,9333,678
H32503,H,No Failure,38.2,158,300.1,309.3,1520,1,Low Risk,158,300.1,309.3,1520.0,158,38.2,9334,679
H32498,H,No Failure,55.2,143,300.1,309.4,1329,1,Low Risk,143,300.1,309.4,1329.0,143,55.2,9335,680
H32482,H,No Failure,31.8,103,300.0,309.0,1622,1,Low Risk,103,300.0,309.0,1622.0,103,31.8,9336,681
H32468,H,No Failure,48.7,68,300.2,309.3,1342,0,Low Risk,68,300.2,309.3,1342.0,68,48.7,9337,682
H32467,H,No Failure,35.6,63,300.2,309.3,1506,0,Low Risk,63,300.2,309.3,1506.0,63,35.6,9338,683
H32448,H,No Failure,43.8,18,300.6,309.7,1470,0,Low Risk,18,300.6,309.7,1470.0,18,43.8,9339,684
H32414,H,Power Failure,72.8,159,300.5,309.8,1324,2,Critical Failure,159,300.5,309.8,1324.0,159,72.8,94,685
H32395,H,No Failure,40.4,112,300.4,309.4,1530,0,Low Risk,112,300.4,309.4,1530.0,112,40.4,9340,686
H32392,H,No Failure,36.2,103,300.5,309.4,1642,1,Low Risk,103,300.5,309.4,1642.0,103,36.2,9341,687
H32389,H,No Failure,46.2,93,300.5,309.4,1360,0,Low Risk,93,300.5,309.4,1360.0,93,46.2,9342,688
H32368,H,No Failure,28.0,36,300.6,309.4,1691,1,Low Risk,36,300.6,309.4,1691.0,36,28.0,9343,689
H32366,H,No Failure,30.5,29,300.7,309.5,1667,1,Low Risk,29,300.7,309.5,1667.0,29,30.5,9344,690
H32359,H,No Failure,20.5,9,300.7,309.6,1925,1,Low Risk,9,300.7,309.6,1925.0,9,20.5,9345,691
H32357,H,No Failure,19.7,2,300.7,309.5,2007,1,Low Risk,2,300.7,309.5,2007.0,2,19.7,9346,692
H32344,H,No Failure,51.3,174,300.7,309.6,1403,2,Medium Risk,174,300.7,309.6,1403.0,174,51.3,9347,693
H32328,H,No Failure,20.5,133,300.6,309.6,1888,1,Low Risk,133,300.6,309.6,1888.0,133,20.5,9348,694
H32300,H,No Failure,34.2,62,300.5,309.5,1635,1,Low Risk,62,300.5,309.5,1635.0,62,34.2,9349,695
H32292,H,No Failure,34.3,40,300.5,309.4,1502,0,Low Risk,40,300.5,309.4,1502.0,40,34.3,9350,696
H32287,H,No Failure,37.9,24,300.6,309.4,1555,0,Low Risk,24,300.6,309.4,1555.0,24,37.9,9351,697
H32281,H,No Failure,48.5,7,300.7,309.6,1390,0,Low Risk,7,300.7,309.6,1390.0,7,48.5,9352,698
H32279,H,No Failure,32.7,0,300.7,309.7,1623,1,Low Risk,0,300.7,309.7,1623.0,0,32.7,9353,699
H32278,H,Tool Wear Failure,47.6,246,300.6,309.4,1380,1,Critical Failure,246,300.6,309.4,1380.0,246,47.6,43,700
H32274,H,No Failure,49.2,235,300.6,309.4,1463,1,Low Risk,235,300.6,309.4,1463.0,235,49.2,9354,701
H32270,H,No Failure,45.2,223,300.5,309.3,1471,1,Low Risk,223,300.5,309.3,1471.0,223,45.2,9355,702
H32254,H,No Failure,38.9,185,300.4,309.4,1487,1,Low Risk,185,300.4,309.4,1487.0,185,38.9,9356,703
H32205,H,No Failure,43.3,66,300.4,309.6,1416,0,Low Risk,66,300.4,309.6,1416.0,66,43.3,9357,704
H32203,H,No Failure,44.0,59,300.3,309.5,1438,0,Low Risk,59,300.3,309.5,1438.0,59,44.0,9358,705
H32168,H,No Failure,32.3,194,299.6,309.1,1630,2,Low Risk,194,299.6,309.1,1630.0,194,32.3,9359,706
H32164,H,No Failure,40.6,182,299.7,309.2,1456,1,Low Risk,182,299.7,309.2,1456.0,182,40.6,9360,707
H32148,H,No Failure,32.8,142,299.7,309.2,1572,0,Low Risk,142,299.7,309.2,1572.0,142,32.8,9361,708
H32126,H,No Failure,55.5,87,299.7,309.2,1302,1,Low Risk,87,299.7,309.2,1302.0,87,55.5,9362,709
H32083,H,No Failure,37.8,214,299.7,309.3,1494,1,Low Risk,214,299.7,309.3,1494.0,214,37.8,9363,710
H32080,H,No Failure,27.7,203,299.7,309.2,1691,2,Low Risk,203,299.7,309.2,1691.0,203,27.7,9364,711
H32073,H,No Failure,32.1,183,299.8,309.3,1595,1,Low Risk,183,299.8,309.3,1595.0,183,32.1,9365,712
H32059,H,No Failure,38.5,148,299.9,309.5,1547,0,Low Risk,148,299.9,309.5,1547.0,148,38.5,9366,713
H32055,H,No Failure,46.7,136,299.8,309.5,1420,0,Low Risk,136,299.8,309.5,1420.0,136,46.7,9367,714
H32049,H,No Failure,51.0,119,299.9,309.6,1462,1,Low Risk,119,299.9,309.6,1462.0,119,51.0,9368,715
H32045,H,No Failure,42.4,107,300.0,309.7,1529,0,Low Risk,107,300.0,309.7,1529.0,107,42.4,9369,716
H32042,H,No Failure,51.2,98,299.9,309.6,1410,1,Low Risk,98,299.9,309.6,1410.0,98,51.2,9370,717
H32038,H,No Failure,46.8,86,299.7,309.5,1375,0,Low Risk,86,299.7,309.5,1375.0,86,46.8,9371,718
H32024,H,No Failure,40.9,50,299.4,309.1,1547,0,Low Risk,50,299.4,309.1,1547.0,50,40.9,9372,719
H32020,H,No Failure,37.5,39,299.4,309.3,1534,0,Low Risk,39,299.4,309.3,1534.0,39,37.5,9373,720
H32007,H,No Failure,54.0,6,298.9,308.5,1415,1,Low Risk,6,298.9,308.5,1415.0,6,54.0,9374,721
H31983,H,No Failure,22.6,162,299.5,309.2,1872,2,Low Risk,162,299.5,309.2,1872.0,162,22.6,9375,722
H31966,H,No Failure,40.7,120,299.3,309.1,1552,0,Low Risk,120,299.3,309.1,1552.0,120,40.7,9376,723
H31956,H,No Failure,26.4,95,299.2,308.9,1712,1,Low Risk,95,299.2,308.9,1712.0,95,26.4,9377,724
H31955,H,No Failure,32.6,90,299.1,308.8,1553,0,Low Risk,90,299.1,308.8,1553.0,90,32.6,9378,725
H31951,H,No Failure,48.1,79,298.9,308.7,1353,0,Low Risk,79,298.9,308.7,1353.0,79,48.1,9379,726
H31921,H,No Failure,47.1,9,299.2,309.1,1410,0,Low Risk,9,299.2,309.1,1410.0,9,47.1,9380,727
H31906,H,No Failure,58.5,199,299.0,308.8,1382,2,Medium Risk,199,299.0,308.8,1382.0,199,58.5,9381,728
H31904,H,No Failure,46.6,192,299.1,308.8,1566,1,Low Risk,192,299.1,308.8,1566.0,192,46.6,9382,729
H31903,H,No Failure,41.6,187,298.9,308.7,1500,1,Low Risk,187,298.9,308.7,1500.0,187,41.6,9383,730
H31901,H,No Failure,31.0,180,298.9,308.6,1623,2,Low Risk,180,298.9,308.6,1623.0,180,31.0,9384,731
H31898,H,No Failure,37.7,170,298.8,308.6,1524,1,Low Risk,170,298.8,308.6,1524.0,170,37.7,9385,732
H31890,H,No Failure,42.4,149,298.9,308.4,1449,0,Low Risk,149,298.9,308.4,1449.0,149,42.4,9386,733
H31859,H,No Failure,55.1,78,299.2,308.7,1375,1,Low Risk,78,299.2,308.7,1375.0,78,55.1,9387,734
H31850,H,No Failure,30.4,55,299.0,308.2,1662,1,Low Risk,55,299.0,308.2,1662.0,55,30.4,9388,735
H31834,H,No Failure,44.7,14,298.8,308.2,1450,0,Low Risk,14,298.8,308.2,1450.0,14,44.7,9389,736
H31817,H,No Failure,51.4,173,299.2,308.7,1448,2,Medium Risk,173,299.2,308.7,1448.0,173,51.4,9390,737
H31814,H,No Failure,55.0,163,299.2,308.6,1462,2,Medium Risk,163,299.2,308.6,1462.0,163,55.0,9391,738
H31793,H,No Failure,46.1,112,299.1,308.2,1450,0,Low Risk,112,299.1,308.2,1450.0,112,46.1,9392,739
H31776,H,No Failure,41.4,67,299.3,308.6,1520,0,Low Risk,67,299.3,308.6,1520.0,67,41.4,9393,740
H31774,H,No Failure,53.2,59,299.2,308.4,1388,1,Low Risk,59,299.2,308.4,1388.0,59,53.2,9394,741
H31770,H,No Failure,39.5,47,299.3,308.6,1498,0,Low Risk,47,299.3,308.6,1498.0,47,39.5,9395,742
H31734,H,No Failure,39.1,188,299.2,308.8,1440,1,Low Risk,188,299.2,308.8,1440.0,188,39.1,9396,743
H31721,H,No Failure,33.5,154,299.0,308.5,1623,2,Low Risk,154,299.0,308.5,1623.0,154,33.5,9397,744
H31719,H,No Failure,47.5,147,299.2,308.5,1342,0,Low Risk,147,299.2,308.5,1342.0,147,47.5,9398,745
H31691,H,No Failure,44.4,82,299.3,308.7,1408,0,Low Risk,82,299.3,308.7,1408.0,82,44.4,9399,746
H31674,H,No Failure,36.5,40,299.1,308.3,1521,0,Low Risk,40,299.1,308.3,1521.0,40,36.5,9400,747
H31666,H,No Failure,42.8,21,299.1,308.3,1451,0,Low Risk,21,299.1,308.3,1451.0,21,42.8,9401,748
H31665,H,No Failure,43.4,16,299.1,308.3,1424,0,Low Risk,16,299.1,308.3,1424.0,16,43.4,9402,749
H31642,H,No Failure,41.8,166,299.4,308.6,1542,1,Low Risk,166,299.4,308.6,1542.0,166,41.8,9403,750
H31629,H,No Failure,49.6,132,299.7,309.2,1468,0,Low Risk,132,299.7,309.2,1468.0,132,49.6,9404,751
H31628,H,No Failure,44.8,127,299.7,309.2,1355,0,Low Risk,127,299.7,309.2,1355.0,127,44.8,9405,752
H31622,H,No Failure,42.6,111,299.8,309.2,1435,0,Low Risk,111,299.8,309.2,1435.0,111,42.6,9406,753
H31603,H,No Failure,41.6,62,299.7,309.2,1554,0,Low Risk,62,299.7,309.2,1554.0,62,41.6,9407,754
H31595,H,No Failure,44.3,40,299.5,309.1,1548,0,Low Risk,40,299.5,309.1,1548.0,40,44.3,9408,755
H31594,H,No Failure,36.3,35,299.6,309.2,1597,0,Low Risk,35,299.6,309.2,1597.0,35,36.3,9409,756
H31581,H,No Failure,41.3,0,299.6,309.1,1588,0,Low Risk,0,299.6,309.1,1588.0,0,41.3,9410,757
H31567,H,No Failure,45.4,191,299.3,308.8,1397,1,Low Risk,191,299.3,308.8,1397.0,191,45.4,9411,758
H31564,H,No Failure,35.5,180,299.3,308.8,1636,2,Low Risk,180,299.3,308.8,1636.0,180,35.5,9412,759
H31547,H,No Failure,29.7,141,299.3,309.0,1732,1,Low Risk,141,299.3,309.0,1732.0,141,29.7,9413,760
H31543,H,No Failure,33.7,130,299.4,309.0,1607,1,Low Risk,130,299.4,309.0,1607.0,130,33.7,9414,761
H31541,H,No Failure,40.6,123,299.3,309.0,1425,0,Low Risk,123,299.3,309.0,1425.0,123,40.6,9415,762
H31534,H,No Failure,21.3,104,299.2,308.8,1908,1,Low Risk,104,299.2,308.8,1908.0,104,21.3,9416,763
H31532,H,No Failure,43.0,96,299.3,308.9,1429,0,Low Risk,96,299.3,308.9,1429.0,96,43.0,9417,764
H31531,H,No Failure,29.3,91,299.4,308.9,1762,1,Low Risk,91,299.4,308.9,1762.0,91,29.3,9418,765
H31528,H,No Failure,44.1,81,299.4,309.1,1373,0,Low Risk,81,299.4,309.1,1373.0,81,44.1,9419,766
H31524,H,No Failure,35.0,70,299.3,309.0,1508,0,Low Risk,70,299.3,309.0,1508.0,70,35.0,9420,767
H31522,H,No Failure,51.7,62,299.4,309.0,1415,1,Low Risk,62,299.4,309.0,1415.0,62,51.7,9421,768
H31500,H,No Failure,49.7,9,299.4,309.3,1439,0,Low Risk,9,299.4,309.3,1439.0,9,49.7,9422,769
H31497,H,No Failure,28.2,0,299.4,309.3,1743,1,Low Risk,0,299.4,309.3,1743.0,0,28.2,9423,770
H31496,H,No Failure,36.1,212,299.4,309.2,1513,1,Low Risk,212,299.4,309.2,1513.0,212,36.1,9424,771
H31483,H,No Failure,41.0,179,299.7,309.6,1553,1,Low Risk,179,299.7,309.6,1553.0,179,41.0,9425,772
H31473,H,No Failure,44.4,154,299.5,309.4,1386,1,Low Risk,154,299.5,309.4,1386.0,154,44.4,9426,773
H31451,H,No Failure,19.9,98,299.0,308.7,1940,1,Low Risk,98,299.0,308.7,1940.0,98,19.9,9427,774
H31447,H,No Failure,47.6,85,298.8,308.5,1359,0,Low Risk,85,298.8,308.5,1359.0,85,47.6,9428,775
H31434,H,No Failure,33.3,53,298.7,308.4,1560,0,Low Risk,53,298.7,308.4,1560.0,53,33.3,9429,776
H31412,H,No Failure,30.8,2,298.3,308.0,1637,1,Low Risk,2,298.3,308.0,1637.0,2,30.8,9430,777
H31402,H,No Failure,39.2,176,298.3,307.9,1420,1,Low Risk,176,298.3,307.9,1420.0,176,39.2,9431,778
H31393,H,No Failure,45.8,150,298.0,307.6,1420,0,Low Risk,150,298.0,307.6,1420.0,150,45.8,9432,779
H31383,H,No Failure,31.3,124,297.8,307.5,1631,1,Low Risk,124,297.8,307.5,1631.0,124,31.3,9433,780
H31372,H,No Failure,43.2,97,297.9,307.7,1464,0,Low Risk,97,297.9,307.7,1464.0,97,43.2,9434,781
H31371,H,No Failure,35.9,92,297.9,307.7,1618,1,Low Risk,92,297.9,307.7,1618.0,92,35.9,9435,782
H31341,H,No Failure,47.8,19,298.0,307.8,1314,0,Low Risk,19,298.0,307.8,1314.0,19,47.8,9436,783
H31324,H,No Failure,36.8,186,298.0,307.7,1547,1,Low Risk,186,298.0,307.7,1547.0,186,36.8,9437,784
H31314,H,No Failure,36.0,161,297.9,307.6,1493,1,Low Risk,161,297.9,307.6,1493.0,161,36.0,9438,785
H31308,H,No Failure,23.3,146,297.9,307.5,1880,1,Low Risk,146,297.9,307.5,1880.0,146,23.3,9439,786
H31303,H,No Failure,40.2,132,297.7,307.4,1432,0,Low Risk,132,297.7,307.4,1432.0,132,40.2,9440,787
H31269,H,No Failure,62.8,47,297.7,307.3,1249,1,Low Risk,47,297.7,307.3,1249.0,47,62.8,9441,788
H31262,H,No Failure,44.1,26,297.7,307.2,1429,0,Low Risk,26,297.7,307.2,1429.0,26,44.1,9442,789
H31260,H,No Failure,38.6,19,297.7,307.3,1514,0,Low Risk,19,297.7,307.3,1514.0,19,38.6,9443,790
H31256,H,No Failure,22.5,7,297.7,307.1,1855,1,Low Risk,7,297.7,307.1,1855.0,7,22.5,9444,791
H31249,H,No Failure,35.8,190,297.8,307.3,1555,1,Low Risk,190,297.8,307.3,1555.0,190,35.8,9445,792
H31240,H,No Failure,40.1,166,297.8,307.3,1516,1,Low Risk,166,297.8,307.3,1516.0,166,40.1,9446,793
H31220,H,No Failure,32.2,118,298.0,307.6,1593,0,Low Risk,118,298.0,307.6,1593.0,118,32.2,9447,794
H31219,H,No Failure,56.2,113,298.1,307.7,1376,1,Low Risk,113,298.1,307.7,1376.0,113,56.2,9448,795
H31216,H,No Failure,44.1,104,298.1,307.6,1496,0,Low Risk,104,298.1,307.6,1496.0,104,44.1,9449,796
H31210,H,No Failure,37.1,84,298.1,307.6,1542,0,Low Risk,84,298.1,307.6,1542.0,84,37.1,9450,797
H31197,H,No Failure,41.0,52,298.3,308.0,1553,0,Low Risk,52,298.3,308.0,1553.0,52,41.0,9451,798
H31191,H,No Failure,36.8,36,298.6,308.2,1555,0,Low Risk,36,298.6,308.2,1555.0,36,36.8,9452,799
H31184,H,No Failure,31.0,18,298.4,307.9,1605,1,Low Risk,18,298.4,307.9,1605.0,18,31.0,9453,800
H31178,H,No Failure,55.7,0,298.2,307.6,1318,1,Low Risk,0,298.2,307.6,1318.0,0,55.7,9454,801
H31176,H,No Failure,48.6,204,298.2,307.6,1460,1,Low Risk,204,298.2,307.6,1460.0,204,48.6,9455,802
H31173,H,No Failure,35.2,195,298.0,307.4,1606,2,Low Risk,195,298.0,307.4,1606.0,195,35.2,9456,803
H31162,H,Random Failures,31.1,166,298.4,307.7,1626,2,Low Risk,166,298.4,307.7,1626.0,166,31.1,18,804
H31153,H,No Failure,54.2,141,298.5,307.9,1260,1,Low Risk,141,298.5,307.9,1260.0,141,54.2,9457,805
H31152,H,No Failure,21.4,136,298.4,307.9,1948,1,Low Risk,136,298.4,307.9,1948.0,136,21.4,9458,806
H31146,H,No Failure,28.2,120,298.4,307.9,1700,1,Low Risk,120,298.4,307.9,1700.0,120,28.2,9459,807
H31107,H,No Failure,27.8,26,298.0,307.5,1683,1,Low Risk,26,298.0,307.5,1683.0,26,27.8,9460,808
H31100,H,No Failure,28.7,7,297.9,307.3,1663,1,Low Risk,7,297.9,307.3,1663.0,7,28.7,9461,809
H31096,H,Tool Wear Failure,36.1,225,297.9,307.4,1604,2,Critical Failure,225,297.9,307.4,1604.0,225,36.1,44,810
H31090,H,No Failure,43.0,207,297.9,307.6,1418,1,Low Risk,207,297.9,307.6,1418.0,207,43.0,9462,811
H31079,H,No Failure,39.7,181,298.2,307.9,1491,1,Low Risk,181,298.2,307.9,1491.0,181,39.7,9463,812
H31076,H,No Failure,45.5,171,298.2,307.9,1462,1,Low Risk,171,298.2,307.9,1462.0,171,45.5,9464,813
H31072,H,No Failure,35.3,159,298.1,308.0,1570,1,Low Risk,159,298.1,308.0,1570.0,159,35.3,9465,814
H31066,H,No Failure,34.0,142,297.9,307.8,1635,1,Low Risk,142,297.9,307.8,1635.0,142,34.0,9466,815
H31063,H,No Failure,37.8,132,298.0,307.9,1482,0,Low Risk,132,298.0,307.9,1482.0,132,37.8,9467,816
H31056,H,No Failure,35.4,114,298.0,307.8,1588,0,Low Risk,114,298.0,307.8,1588.0,114,35.4,9468,817
H31048,H,No Failure,58.5,93,297.9,307.9,1406,1,Low Risk,93,297.9,307.9,1406.0,93,58.5,9469,818
H31036,H,No Failure,38.3,63,297.7,307.6,1538,0,Low Risk,63,297.7,307.6,1538.0,63,38.3,9470,819
H31030,H,No Failure,30.7,48,297.8,307.8,1662,1,Low Risk,48,297.8,307.8,1662.0,48,30.7,9471,820
H31016,H,No Failure,33.5,13,297.8,307.9,1600,0,Low Risk,13,297.8,307.9,1600.0,13,33.5,9472,821
H30996,H,No Failure,42.0,184,298.1,308.3,1530,1,Low Risk,184,298.1,308.3,1530.0,184,42.0,9473,822
H30970,H,No Failure,47.1,122,298.4,308.5,1398,0,Low Risk,122,298.4,308.5,1398.0,122,47.1,9474,823
H30945,H,No Failure,41.4,60,298.1,309.0,1438,0,Low Risk,60,298.1,309.0,1438.0,60,41.4,9475,824
H30941,H,No Failure,44.5,49,298.1,309.1,1425,0,Low Risk,49,298.1,309.1,1425.0,49,44.5,9476,825
H30936,H,No Failure,37.7,36,298.2,309.0,1562,0,Low Risk,36,298.2,309.0,1562.0,36,37.7,9477,826
H30932,H,No Failure,55.7,23,298.2,309.0,1371,1,Low Risk,23,298.2,309.0,1371.0,23,55.7,9478,827
H30926,H,No Failure,36.3,5,298.0,308.7,1503,0,Low Risk,5,298.0,308.7,1503.0,5,36.3,9479,828
H30909,H,No Failure,44.6,184,297.9,308.5,1383,1,Low Risk,184,297.9,308.5,1383.0,184,44.6,9480,829
H30863,H,No Failure,30.8,73,299.0,310.4,1677,1,Low Risk,73,299.0,310.4,1677.0,73,30.8,9481,830
H30851,H,No Failure,45.2,40,298.8,309.9,1439,0,Low Risk,40,298.8,309.9,1439.0,40,45.2,9482,831
H30850,H,No Failure,44.2,35,298.8,309.8,1510,0,Low Risk,35,298.8,309.8,1510.0,35,44.2,9483,832
H30849,H,No Failure,42.1,30,298.8,309.9,1526,0,Low Risk,30,298.8,309.9,1526.0,30,42.1,9484,833
H30815,H,No Failure,37.7,166,298.9,310.2,1532,1,Low Risk,166,298.9,310.2,1532.0,166,37.7,9485,834
H30814,H,No Failure,62.7,161,298.9,310.1,1366,2,Medium Risk,161,298.9,310.1,1366.0,161,62.7,9486,835
H30802,H,No Failure,45.3,133,298.9,310.1,1491,0,Low Risk,133,298.9,310.1,1491.0,133,45.3,9487,836
H30792,H,No Failure,44.9,107,298.8,310.2,1455,0,Low Risk,107,298.8,310.2,1455.0,107,44.9,9488,837
H30782,H,No Failure,27.1,78,298.8,310.3,1708,1,Low Risk,78,298.8,310.3,1708.0,78,27.1,9489,838
H30774,H,No Failure,27.6,56,298.8,310.2,1707,1,Low Risk,56,298.8,310.2,1707.0,56,27.6,9490,839
H30751,H,No Failure,36.0,0,298.7,310.2,1613,1,Low Risk,0,298.7,310.2,1613.0,0,36.0,9491,840
H30745,H,No Failure,26.8,216,298.9,310.2,1771,2,Low Risk,216,298.9,310.2,1771.0,216,26.8,9492,841
H30743,H,No Failure,30.4,209,298.8,310.2,1663,2,Low Risk,209,298.8,310.2,1663.0,209,30.4,9493,842
H30739,H,No Failure,36.8,197,298.8,310.1,1567,1,Low Risk,197,298.8,310.1,1567.0,197,36.8,9494,843
H30736,H,No Failure,49.9,187,298.9,310.1,1452,1,Low Risk,187,298.9,310.1,1452.0,187,49.9,9495,844
H30707,H,No Failure,33.4,121,298.7,309.8,1582,0,Low Risk,121,298.7,309.8,1582.0,121,33.4,9496,845
H30695,H,No Failure,54.3,89,298.3,309.5,1427,1,Low Risk,89,298.3,309.5,1427.0,89,54.3,9497,846
H30694,H,No Failure,37.1,84,298.3,309.5,1521,0,Low Risk,84,298.3,309.5,1521.0,84,37.1,9498,847
H30688,H,No Failure,40.2,65,298.1,309.5,1530,0,Low Risk,65,298.1,309.5,1530.0,65,40.2,9499,848
H30686,H,No Failure,38.1,58,298.0,309.4,1562,0,Low Risk,58,298.0,309.4,1562.0,58,38.1,9500,849
H30685,H,No Failure,40.5,53,298.0,309.4,1490,0,Low Risk,53,298.0,309.4,1490.0,53,40.5,9501,850
H30676,H,No Failure,33.0,29,297.8,309.2,1648,1,Low Risk,29,297.8,309.2,1648.0,29,33.0,9502,851
H30675,H,No Failure,25.2,24,297.6,309.0,1885,1,Low Risk,24,297.6,309.0,1885.0,24,25.2,9503,852
H30669,H,No Failure,50.7,7,297.5,308.9,1419,1,Low Risk,7,297.5,308.9,1419.0,7,50.7,9504,853
H30668,H,No Failure,49.4,2,297.5,308.8,1430,0,Low Risk,2,297.5,308.8,1430.0,2,49.4,9505,854
H30660,H,No Failure,33.3,207,297.2,308.5,1653,2,Low Risk,207,297.2,308.5,1653.0,207,33.3,9506,855
H30653,H,No Failure,39.3,187,297.2,308.5,1482,1,Low Risk,187,297.2,308.5,1482.0,187,39.3,9507,856
H30650,H,No Failure,46.6,176,297.1,308.4,1359,1,Low Risk,176,297.1,308.4,1359.0,176,46.6,9508,857
H30649,H,No Failure,31.4,171,297.1,308.4,1654,2,Low Risk,171,297.1,308.4,1654.0,171,31.4,9509,858
H30648,H,No Failure,14.0,166,297.2,308.5,2440,2,Low Risk,166,297.2,308.5,2440.0,166,14.0,9510,859
H30639,H,No Failure,41.5,141,297.1,308.3,1492,0,Low Risk,141,297.1,308.3,1492.0,141,41.5,9511,860
H30625,H,No Failure,46.9,105,296.9,308.0,1416,0,Low Risk,105,296.9,308.0,1416.0,105,46.9,9512,861
H30623,H,No Failure,13.3,98,297.0,308.1,2540,1,Low Risk,98,297.0,308.1,2540.0,98,13.3,9513,862
H30620,H,No Failure,53.5,88,296.9,308.0,1318,1,Low Risk,88,296.9,308.0,1318.0,88,53.5,9514,863
H30617,H,No Failure,47.6,79,297.0,308.1,1410,0,Low Risk,79,297.0,308.1,1410.0,79,47.6,9515,864
H30612,H,No Failure,36.5,63,296.9,307.9,1557,0,Low Risk,63,296.9,307.9,1557.0,63,36.5,9516,865
H30594,H,No Failure,35.6,16,297.3,308.4,1531,0,Low Risk,16,297.3,308.4,1531.0,16,35.6,9517,866
H30587,H,No Failure,38.8,229,297.1,308.0,1559,1,Low Risk,229,297.1,308.0,1559.0,229,38.8,9518,867
H30585,H,No Failure,41.4,222,297.0,308.1,1517,1,Low Risk,222,297.0,308.1,1517.0,222,41.4,9519,868
H30574,H,No Failure,23.8,195,297.0,307.7,1834,2,Low Risk,195,297.0,307.7,1834.0,195,23.8,9520,869
H30570,H,No Failure,40.7,184,297.0,307.8,1404,1,Low Risk,184,297.0,307.8,1404.0,184,40.7,9521,870
H30569,H,No Failure,27.3,179,297.0,307.9,1846,2,Low Risk,179,297.0,307.9,1846.0,179,27.3,9522,871
H30567,H,No Failure,45.6,172,297.0,307.9,1448,1,Low Risk,172,297.0,307.9,1448.0,172,45.6,9523,872
H30537,H,Power Failure,62.3,100,296.6,307.7,1386,1,Critical Failure,100,296.6,307.7,1386.0,100,62.3,95,873
H30534,H,No Failure,31.0,91,296.6,307.7,1654,1,Low Risk,91,296.6,307.7,1654.0,91,31.0,9524,874
H30528,H,No Failure,37.4,75,296.4,307.3,1540,0,Low Risk,75,296.4,307.3,1540.0,75,37.4,9525,875
H30525,H,No Failure,49.2,64,296.5,307.4,1432,0,Low Risk,64,296.5,307.4,1432.0,64,49.2,9526,876
H30515,H,No Failure,33.6,38,296.7,307.5,1607,1,Low Risk,38,296.7,307.5,1607.0,38,33.6,9527,877
H30514,H,No Failure,30.0,33,296.8,307.5,1695,1,Low Risk,33,296.8,307.5,1695.0,33,30.0,9528,878
H30511,H,No Failure,48.3,22,296.9,307.5,1397,0,Low Risk,22,296.9,307.5,1397.0,22,48.3,9529,879
H30501,H,Tool Wear Failure,35.8,206,296.9,307.8,1549,1,Critical Failure,206,296.9,307.8,1549.0,206,35.8,45,880
H30496,H,No Failure,39.8,192,297.1,307.9,1420,1,Low Risk,192,297.1,307.9,1420.0,192,39.8,9530,881
H30492,H,No Failure,30.8,181,296.9,307.7,1656,2,Low Risk,181,296.9,307.7,1656.0,181,30.8,9531,882
H30489,H,No Failure,54.5,172,296.9,307.8,1345,2,Medium Risk,172,296.9,307.8,1345.0,172,54.5,9532,883
H30474,H,No Failure,53.8,133,296.7,307.9,1424,1,Low Risk,133,296.7,307.9,1424.0,133,53.8,9533,884
H30468,H,No Failure,30.5,117,296.8,307.8,1627,1,Low Risk,117,296.8,307.8,1627.0,117,30.5,9534,885
H30459,H,No Failure,52.8,94,296.4,307.5,1403,1,Low Risk,94,296.4,307.5,1403.0,94,52.8,9535,886
H30451,H,No Failure,35.1,75,296.4,307.5,1596,0,Low Risk,75,296.4,307.5,1596.0,75,35.1,9536,887
H30447,H,No Failure,38.0,62,296.4,307.5,1556,0,Low Risk,62,296.4,307.5,1556.0,62,38.0,9537,888
H30418,H,No Failure,42.0,196,296.3,307.2,1424,1,Low Risk,196,296.3,307.2,1424.0,196,42.0,9538,889
H30402,H,No Failure,25.9,154,296.3,307.1,1774,2,Low Risk,154,296.3,307.1,1774.0,154,25.9,9539,890
H30400,H,No Failure,32.5,146,296.4,307.1,1638,1,Low Risk,146,296.4,307.1,1638.0,146,32.5,9540,891
H30370,H,No Failure,32.2,76,295.6,306.2,1632,1,Low Risk,76,295.6,306.2,1632.0,76,32.2,9541,892
H30368,H,No Failure,42.5,69,295.6,306.2,1414,0,Low Risk,69,295.6,306.2,1414.0,69,42.5,9542,893
H30365,H,No Failure,35.8,60,295.6,306.3,1509,0,Low Risk,60,295.6,306.3,1509.0,60,35.8,9543,894
H30341,H,No Failure,52.4,0,295.6,306.0,1396,1,Low Risk,0,295.6,306.0,1396.0,0,52.4,9544,895
H30339,H,No Failure,30.9,210,295.6,306.1,1623,2,Low Risk,210,295.6,306.1,1623.0,210,30.9,9545,896
H30335,H,No Failure,37.2,197,295.5,305.9,1593,1,Low Risk,197,295.5,305.9,1593.0,197,37.2,9546,897
H30318,H,No Failure,49.8,151,295.7,306.2,1458,1,Low Risk,151,295.7,306.2,1458.0,151,49.8,9547,898
H30315,H,No Failure,62.3,142,295.6,306.1,1256,1,Low Risk,142,295.6,306.1,1256.0,142,62.3,9548,899
H30313,H,No Failure,55.3,135,295.6,306.2,1329,1,Low Risk,135,295.6,306.2,1329.0,135,55.3,9549,900
H30301,H,No Failure,16.5,105,295.7,306.2,2161,1,Low Risk,105,295.7,306.2,2161.0,105,16.5,9550,901
H30281,H,No Failure,33.2,55,295.9,306.5,1594,0,Low Risk,55,295.9,306.5,1594.0,55,33.2,9551,902
H30276,H,No Failure,31.0,41,296.1,306.8,1645,1,Low Risk,41,296.1,306.8,1645.0,41,31.0,9552,903
H30274,H,No Failure,32.6,33,296.1,306.9,1541,0,Low Risk,33,296.1,306.9,1541.0,33,32.6,9553,904
H30273,H,No Failure,40.6,28,296.2,307.0,1542,0,Low Risk,28,296.2,307.0,1542.0,28,40.6,9554,905
H30263,H,No Failure,35.5,0,296.4,307.4,1586,0,Low Risk,0,296.4,307.4,1586.0,0,35.5,9555,906
H30252,H,No Failure,41.5,189,296.6,307.4,1406,1,Low Risk,189,296.6,307.4,1406.0,189,41.5,9556,907
H30248,H,No Failure,50.2,177,296.6,307.4,1333,2,Medium Risk,177,296.6,307.4,1333.0,177,50.2,9557,908
H30217,H,No Failure,37.8,104,296.9,307.8,1549,0,Low Risk,104,296.9,307.8,1549.0,104,37.8,9558,909
H30208,H,No Failure,32.6,79,296.9,307.9,1547,0,Low Risk,79,296.9,307.9,1547.0,79,32.6,9559,910
H30197,H,No Failure,33.4,50,296.7,307.9,1579,0,Low Risk,50,296.7,307.9,1579.0,50,33.4,9560,911
H30186,H,No Failure,51.0,24,296.8,308.0,1453,1,Low Risk,24,296.8,308.0,1453.0,24,51.0,9561,912
H30185,H,No Failure,58.6,19,296.8,308.0,1311,1,Low Risk,19,296.8,308.0,1311.0,19,58.6,9562,913
H30169,H,No Failure,43.7,222,296.8,308.1,1492,1,Low Risk,222,296.8,308.1,1492.0,222,43.7,9563,914
H30162,H,No Failure,46.3,203,296.7,308.1,1528,1,Low Risk,203,296.7,308.1,1528.0,203,46.3,9564,915
H30151,H,No Failure,39.2,177,296.9,308.3,1474,1,Low Risk,177,296.9,308.3,1474.0,177,39.2,9565,916
H30148,H,No Failure,54.6,168,297.0,308.4,1305,2,Medium Risk,168,297.0,308.4,1305.0,168,54.6,9566,917
H30141,H,No Failure,37.6,147,297.3,308.6,1499,0,Low Risk,147,297.3,308.6,1499.0,147,37.6,9567,918
H30130,H,No Failure,45.8,120,297.4,308.6,1420,0,Low Risk,120,297.4,308.6,1420.0,120,45.8,9568,919
H30117,H,No Failure,40.9,87,297.7,308.9,1479,0,Low Risk,87,297.7,308.9,1479.0,87,40.9,9569,920
H30113,H,No Failure,39.2,74,297.5,308.7,1416,0,Low Risk,74,297.5,308.7,1416.0,74,39.2,9570,921
H30104,H,No Failure,40.2,51,297.6,309.0,1413,0,Low Risk,51,297.6,309.0,1413.0,51,40.2,9571,922
H30103,H,No Failure,55.6,46,297.6,309.0,1354,1,Low Risk,46,297.6,309.0,1354.0,46,55.6,9572,923
H30102,H,No Failure,26.4,41,297.6,309.0,1735,1,Low Risk,41,297.6,309.0,1735.0,41,26.4,9573,924
H30096,H,No Failure,48.8,23,297.8,309.0,1410,0,Low Risk,23,297.8,309.0,1410.0,23,48.8,9574,925
H30090,H,No Failure,34.7,5,297.9,309.2,1577,0,Low Risk,5,297.9,309.2,1577.0,5,34.7,9575,926
H30083,H,No Failure,37.7,197,297.5,308.9,1471,1,Low Risk,197,297.5,308.9,1471.0,197,37.7,9576,927
H30062,H,No Failure,48.9,147,297.7,309.3,1400,0,Low Risk,147,297.7,309.3,1400.0,147,48.9,9577,928
H30058,H,No Failure,30.2,135,297.7,309.4,1608,1,Low Risk,135,297.7,309.4,1608.0,135,30.2,9578,929
H30046,H,No Failure,47.1,105,298.3,310.0,1419,0,Low Risk,105,298.3,310.0,1419.0,105,47.1,9579,930
H30038,H,No Failure,37.6,85,298.3,310.1,1509,0,Low Risk,85,298.3,310.1,1509.0,85,37.6,9580,931
H30032,H,No Failure,44.2,68,298.2,310.0,1433,0,Low Risk,68,298.2,310.0,1433.0,68,44.2,9581,932
H30030,H,No Failure,29.1,60,298.1,309.9,1686,1,Low Risk,60,298.1,309.9,1686.0,60,29.1,9582,933
H30013,H,No Failure,31.1,20,297.7,309.7,1616,1,Low Risk,20,297.7,309.7,1616.0,20,31.1,9583,934
H30011,H,No Failure,46.6,13,297.6,309.6,1428,0,Low Risk,13,297.6,309.6,1428.0,13,46.6,9584,935
H30008,H,No Failure,50.4,2,297.6,309.6,1278,1,Low Risk,2,297.6,309.6,1278.0,2,50.4,9585,936
H30006,H,No Failure,27.9,240,297.5,309.5,1668,2,Low Risk,240,297.5,309.5,1668.0,240,27.9,9586,937
H30005,H,No Failure,41.7,235,297.5,309.3,1525,1,Low Risk,235,297.5,309.3,1525.0,235,41.7,9587,938
H30001,H,No Failure,33.1,224,297.6,309.5,1623,2,Low Risk,224,297.6,309.5,1623.0,224,33.1,9588,939
H29998,H,No Failure,48.2,215,297.6,309.6,1419,1,Low Risk,215,297.6,309.6,1419.0,215,48.2,9589,940
H29997,H,No Failure,32.2,210,297.7,309.6,1697,2,Low Risk,210,297.7,309.6,1697.0,210,32.2,9590,941
H29990,H,No Failure,51.1,191,297.7,309.7,1440,2,Medium Risk,191,297.7,309.7,1440.0,191,51.1,9591,942
H29979,H,No Failure,35.8,160,297.7,309.7,1570,1,Low Risk,160,297.7,309.7,1570.0,160,35.8,9592,943
H29978,H,No Failure,32.1,155,297.6,309.6,1669,2,Low Risk,155,297.6,309.6,1669.0,155,32.1,9593,944
H29968,H,No Failure,45.3,129,297.5,309.4,1368,0,Low Risk,129,297.5,309.4,1368.0,129,45.3,9594,945
H29957,H,No Failure,36.1,100,297.5,309.3,1563,0,Low Risk,100,297.5,309.3,1563.0,100,36.1,9595,946
H29951,H,No Failure,43.0,83,297.4,309.3,1516,0,Low Risk,83,297.4,309.3,1516.0,83,43.0,9596,947
H29949,H,No Failure,52.4,76,297.4,309.3,1365,1,Low Risk,76,297.4,309.3,1365.0,76,52.4,9597,948
H29921,H,No Failure,48.2,10,297.8,309.4,1445,0,Low Risk,10,297.8,309.4,1445.0,10,48.2,9598,949
H29909,H,No Failure,49.7,201,297.5,309.3,1459,1,Low Risk,201,297.5,309.3,1459.0,201,49.7,9599,950
H29891,H,No Failure,41.4,156,297.4,309.0,1468,1,Low Risk,156,297.4,309.0,1468.0,156,41.4,9600,951
H29885,H,No Failure,42.4,139,297.3,308.8,1419,0,Low Risk,139,297.3,308.8,1419.0,139,42.4,9601,952
H29884,H,No Failure,44.2,134,297.3,308.8,1499,0,Low Risk,134,297.3,308.8,1499.0,134,44.2,9602,953
H29874,H,No Failure,42.0,109,297.3,308.6,1431,0,Low Risk,109,297.3,308.6,1431.0,109,42.0,9603,954
H29870,H,No Failure,47.6,98,297.3,308.7,1478,0,Low Risk,98,297.3,308.7,1478.0,98,47.6,9604,955
H29865,H,No Failure,46.1,84,297.5,308.6,1440,0,Low Risk,84,297.5,308.6,1440.0,84,46.1,9605,956
H29857,H,No Failure,45.1,63,297.4,308.5,1469,0,Low Risk,63,297.4,308.5,1469.0,63,45.1,9606,957
H29855,H,No Failure,46.6,56,297.5,308.5,1393,0,Low Risk,56,297.5,308.5,1393.0,56,46.6,9607,958
H29812,H,No Failure,43.6,169,297.4,308.3,1502,1,Low Risk,169,297.4,308.3,1502.0,169,43.6,9608,959
H29783,H,No Failure,36.1,98,297.5,308.4,1587,0,Low Risk,98,297.5,308.4,1587.0,98,36.1,9609,960
H29776,H,No Failure,30.9,79,297.6,308.3,1640,1,Low Risk,79,297.6,308.3,1640.0,79,30.9,9610,961
H29767,H,No Failure,30.0,54,297.5,308.3,1674,1,Low Risk,54,297.5,308.3,1674.0,54,30.0,9611,962
H29764,H,No Failure,44.3,43,297.6,308.3,1400,0,Low Risk,43,297.6,308.3,1400.0,43,44.3,9612,963
H29743,H,No Failure,29.9,210,297.7,308.5,1720,2,Low Risk,210,297.7,308.5,1720.0,210,29.9,9613,964
H29742,H,No Failure,31.4,205,297.6,308.4,1703,2,Low Risk,205,297.6,308.4,1703.0,205,31.4,9614,965
H29734,H,No Failure,38.2,185,297.8,308.4,1550,1,Low Risk,185,297.8,308.4,1550.0,185,38.2,9615,966
H29724,H,No Failure,41.8,160,298.0,308.6,1526,1,Low Risk,160,298.0,308.6,1526.0,160,41.8,9616,967
H29716,H,No Failure,35.1,138,297.8,308.4,1512,0,Low Risk,138,297.8,308.4,1512.0,138,35.1,9617,968
H29712,H,No Failure,18.7,126,297.9,308.5,2129,1,Low Risk,126,297.9,308.5,2129.0,126,18.7,9618,969
H29707,H,No Failure,44.8,111,298.1,308.5,1392,0,Low Risk,111,298.1,308.5,1392.0,111,44.8,9619,970
H29702,H,No Failure,42.2,98,298.2,308.4,1385,0,Low Risk,98,298.2,308.4,1385.0,98,42.2,9620,971
H29691,H,No Failure,50.7,70,298.0,308.0,1479,1,Low Risk,70,298.0,308.0,1479.0,70,50.7,9621,972
H29684,H,No Failure,39.6,51,298.0,308.0,1520,0,Low Risk,51,298.0,308.0,1520.0,51,39.6,9622,973
H29682,H,No Failure,24.8,44,297.9,308.0,1800,1,Low Risk,44,297.9,308.0,1800.0,44,24.8,9623,974
H29680,H,No Failure,43.7,37,298.0,308.1,1440,0,Low Risk,37,298.0,308.1,1440.0,37,43.7,9624,975
H29635,H,No Failure,24.3,153,298.4,308.5,1827,2,Low Risk,153,298.4,308.5,1827.0,153,24.3,9625,976
H29626,H,No Failure,52.9,130,298.4,308.7,1344,1,Low Risk,130,298.4,308.7,1344.0,130,52.9,9626,977
H29610,H,No Failure,49.5,91,298.3,308.6,1432,0,Low Risk,91,298.3,308.6,1432.0,91,49.5,9627,978
H29607,H,No Failure,34.6,81,298.2,308.4,1678,1,Low Risk,81,298.2,308.4,1678.0,81,34.6,9628,979
H29606,H,No Failure,51.8,76,298.2,308.4,1398,1,Low Risk,76,298.2,308.4,1398.0,76,51.8,9629,980
H29595,H,No Failure,24.2,49,298.2,308.3,1824,1,Low Risk,49,298.2,308.3,1824.0,49,24.2,9630,981
H29581,H,No Failure,42.9,15,298.4,308.3,1458,0,Low Risk,15,298.4,308.3,1458.0,15,42.9,9631,982
H29580,H,No Failure,32.6,10,298.4,308.2,1612,1,Low Risk,10,298.4,308.2,1612.0,10,32.6,9632,983
H29571,H,No Failure,43.5,206,298.4,308.2,1478,1,Low Risk,206,298.4,308.2,1478.0,206,43.5,9633,984
H29569,H,No Failure,19.8,198,298.4,308.2,1987,2,Low Risk,198,298.4,308.2,1987.0,198,19.8,9634,985
H29560,H,No Failure,36.1,174,298.5,308.4,1612,2,Low Risk,174,298.5,308.4,1612.0,174,36.1,9635,986
H29557,H,No Failure,50.5,164,298.6,308.4,1407,2,Medium Risk,164,298.6,308.4,1407.0,164,50.5,9636,987
H29552,H,No Failure,49.4,150,298.8,308.6,1449,0,Low Risk,150,298.8,308.6,1449.0,150,49.4,9637,988
H29550,H,No Failure,45.7,143,298.7,308.5,1420,0,Low Risk,143,298.7,308.5,1420.0,143,45.7,9638,989
H29525,H,No Failure,43.5,84,298.7,308.6,1499,0,Low Risk,84,298.7,308.6,1499.0,84,43.5,9639,990
H29522,H,No Failure,32.7,75,298.9,308.8,1621,1,Low Risk,75,298.9,308.8,1621.0,75,32.7,9640,991
H29500,H,No Failure,43.9,20,299.0,309.0,1436,0,Low Risk,20,299.0,309.0,1436.0,20,43.9,9641,992
H29494,H,No Failure,49.9,4,298.8,308.8,1445,0,Low Risk,4,298.8,308.8,1445.0,4,49.9,9642,993
H29481,H,No Failure,44.1,184,298.8,308.9,1466,1,Low Risk,184,298.8,308.9,1466.0,184,44.1,9643,994
H29466,H,No Failure,43.8,147,298.8,309.0,1497,0,Low Risk,147,298.8,309.0,1497.0,147,43.8,9644,995
H29462,H,No Failure,53.9,135,298.8,309.2,1425,1,Low Risk,135,298.8,309.2,1425.0,135,53.9,9645,996
H29457,H,No Failure,48.5,120,298.8,309.2,1372,0,Low Risk,120,298.8,309.2,1372.0,120,48.5,9646,997
H29452,H,No Failure,50.7,106,298.9,309.2,1379,1,Low Risk,106,298.9,309.2,1379.0,106,50.7,9647,998
H29441,H,No Failure,24.6,77,299.1,309.4,1811,1,Low Risk,77,299.1,309.4,1811.0,77,24.6,9648,999
H29434,H,No Failure,42.7,58,298.9,309.3,1375,0,Low Risk,58,298.9,309.3,1375.0,58,42.7,9649,1000